[
  {
    "id": 387,
    "nombre": "Turtwig",
    "tipo": "Planta",
    "habilidades": "Espesura",
    "peso": "10,2 kg",
    "altura": "0,4 m",
    "especie": "Pokémon Hojita",
    "ratioCaptura": 45,
    "habilidadOculta": "Caparazón",
    "imagen": "https://raw.githubusercontent.com/PokeAPI/sprites/master/sprites/pokemon/other/official-artwork/387.png",
    "atrapado": false
  },
  {
    "id": 388,
    "nombre": "Grotle",
    "tipo": "Planta",
    "habilidades": "Espesura",
    "peso": "97,0 kg",
    "altura": "1,1 m",
    "especie": "Pokémon Arboleda",
    "ratioCaptura": 45,
    "habilidadOculta": "Caparazón",
    "imagen": "https://raw.githubusercontent.com/PokeAPI/sprites/master/sprites/pokemon/other/official-artwork/388.png",
    "atrapado": false
  },
  {
    "id": 389,
    "nombre": "Torterra",
    "tipo": "Planta/Tierra",
    "habilidades": "Espesura",
    "peso": "310,0 kg",
    "altura": "2,2 m",
    "especie": "Pokémon Continente",
    "ratioCaptura": 45,
    "habilidadOculta": "Caparazón",
    "imagen": "https://raw.githubusercontent.com/PokeAPI/sprites/master/sprites/pokemon/other/official-artwork/389.png",
    "atrapado": false
  },
  {
    "id": 390,
    "nombre": "Chimchar",
    "tipo": "Fuego",
    "habilidades": "Mar Llamas",
    "peso": "6,2 kg",
    "altura": "0,5 m",
    "especie": "Pokémon Llama",
    "ratioCaptura": 45,
    "habilidadOculta": "Puño Férreo",
    "imagen": "https://raw.githubusercontent.com/PokeAPI/sprites/master/sprites/pokemon/other/official-artwork/390.png",
    "atrapado": false
  },
  {
    "id": 391,
    "nombre": "Monferno",
    "tipo": "Fuego/Lucha",
    "habilidades": "Mar Llamas",
    "peso": "22,0 kg",
    "altura": "0,9 m",
    "especie": "Pokémon Juguetón",
    "ratioCaptura": 45,
    "habilidadOculta": "Puño Férreo",
    "imagen": "https://raw.githubusercontent.com/PokeAPI/sprites/master/sprites/pokemon/other/official-artwork/391.png",
    "atrapado": false
  },
  {
    "id": 392,
    "nombre": "Infernape",
    "tipo": "Fuego/Lucha",
    "habilidades": "Mar Llamas",
    "peso": "55,0 kg",
    "altura": "1,2 m",
    "especie": "Pokémon Llama",
    "ratioCaptura": 45,
    "habilidadOculta": "Puño Férreo",
    "imagen": "https://raw.githubusercontent.com/PokeAPI/sprites/master/sprites/pokemon/other/official-artwork/392.png",
    "atrapado": false
  },
  {
    "id": 393,
    "nombre": "Piplup",
    "tipo": "Agua",
    "habilidades": "Torrente",
    "peso": "5,2 kg",
    "altura": "0,4 m",
    "especie": "Pokémon Pingüino",
    "ratioCaptura": 45,
    "habilidadOculta": "Irascible",
    "imagen": "https://raw.githubusercontent.com/PokeAPI/sprites/master/sprites/pokemon/other/official-artwork/393.png",
    "atrapado": false
  },
  {
    "id": 394,
    "nombre": "Prinplup",
    "tipo": "Agua",
    "habilidades": "Torrente",
    "peso": "23,0 kg",
    "altura": "0,8 m",
    "especie": "Pokémon Pingüino",
    "ratioCaptura": 45,
    "habilidadOculta": "Irascible",
    "imagen": "https://raw.githubusercontent.com/PokeAPI/sprites/master/sprites/pokemon/other/official-artwork/394.png",
    "atrapado": false
  },
  {
    "id": 395,
    "nombre": "Empoleon",
    "tipo": "Agua/Acero",
    "habilidades": "Torrente",
    "peso": "84,5 kg",
    "altura": "1,7 m",
    "especie": "Pokémon Emperador",
    "ratioCaptura": 45,
    "habilidadOculta": "Irascible",
    "imagen": "https://raw.githubusercontent.com/PokeAPI/sprites/master/sprites/pokemon/other/official-artwork/395.png",
    "atrapado": false
  },
  {
    "id": 396,
    "nombre": "Starly",
    "tipo": "Normal/Volador",
    "habilidades": "Vista Lince",
    "peso": "2,0 kg",
    "altura": "0,3 m",
    "especie": "Pokémon Estornino",
    "ratioCaptura": 255,
    "habilidadOculta": "Audaz",
    "imagen": "https://raw.githubusercontent.com/PokeAPI/sprites/master/sprites/pokemon/other/official-artwork/396.png",
    "atrapado": false
  },
  {
    "id": 397,
    "nombre": "Staravia",
    "tipo": "Normal/Volador",
    "habilidades": "Intimidación",
    "peso": "15,5 kg",
    "altura": "0,6 m",
    "especie": "Pokémon Estornino",
    "ratioCaptura": 120,
    "habilidadOculta": "Audaz",
    "imagen": "https://raw.githubusercontent.com/PokeAPI/sprites/master/sprites/pokemon/other/official-artwork/397.png",
    "atrapado": false
  },
  {
    "id": 398,
    "nombre": "Staraptor",
    "tipo": "Normal/Volador",
    "habilidades": "Intimidación",
    "peso": "24,9 kg",
    "altura": "1,2 m",
    "especie": "Pokémon Depredador",
    "ratioCaptura": 45,
    "habilidadOculta": "Audaz",
    "imagen": "https://raw.githubusercontent.com/PokeAPI/sprites/master/sprites/pokemon/other/official-artwork/398.png",
    "atrapado": false
  },
  {
    "id": 399,
    "nombre": "Bidoof",
    "tipo": "Normal",
    "habilidades": "Simpleza",
    "peso": "20,0 kg",
    "altura": "0,5 m",
    "especie": "Pokémon Ratón Recto",
    "ratioCaptura": 255,
    "habilidadOculta": "Algarabía",
    "imagen": "https://raw.githubusercontent.com/PokeAPI/sprites/master/sprites/pokemon/other/official-artwork/399.png",
    "atrapado": false
  },
  {
    "id": 400,
    "nombre": "Bibarel",
    "tipo": "Normal/Agua",
    "habilidades": "Simpleza",
    "peso": "31,5 kg",
    "altura": "1,0 m",
    "especie": "Pokémon Castor",
    "ratioCaptura": 127,
    "habilidadOculta": "Algarabía",
    "imagen": "https://raw.githubusercontent.com/PokeAPI/sprites/master/sprites/pokemon/other/official-artwork/400.png",
    "atrapado": false
  },
  {
    "id": 401,
    "nombre": "Kricketot",
    "tipo": "Bicho",
    "habilidades": "Mudar",
    "peso": "2,2 kg",
    "altura": "0,3 m",
    "especie": "Pokémon Grillo",
    "ratioCaptura": 255,
    "habilidadOculta": "Fuga",
    "imagen": "https://raw.githubusercontent.com/PokeAPI/sprites/master/sprites/pokemon/other/official-artwork/401.png",
    "atrapado": false
  },
  {
    "id": 402,
    "nombre": "Kricketune",
    "tipo": "Bicho",
    "habilidades": "Enjambre",
    "peso": "25,5 kg",
    "altura": "1,0 m",
    "especie": "Pokémon Grillo",
    "ratioCaptura": 45,
    "habilidadOculta": "Técnico",
    "imagen": "https://raw.githubusercontent.com/PokeAPI/sprites/master/sprites/pokemon/other/official-artwork/402.png",
    "atrapado": false
  },
  {
    "id": 403,
    "nombre": "Shinx",
    "tipo": "Eléctrico",
    "habilidades": "Rivalidad",
    "peso": "9,5 kg",
    "altura": "0,5 m",
    "especie": "Pokémon Destello",
    "ratioCaptura": 235,
    "habilidadOculta": "Agallas",
    "imagen": "https://raw.githubusercontent.com/PokeAPI/sprites/master/sprites/pokemon/other/official-artwork/403.png",
    "atrapado": false
  },
  {
    "id": 404,
    "nombre": "Luxio",
    "tipo": "Eléctrico",
    "habilidades": "Rivalidad",
    "peso": "30,5 kg",
    "altura": "0,9 m",
    "especie": "Pokémon Chispa",
    "ratioCaptura": 120,
    "habilidadOculta": "Agallas",
    "imagen": "https://raw.githubusercontent.com/PokeAPI/sprites/master/sprites/pokemon/other/official-artwork/404.png",
    "atrapado": false
  },
  {
    "id": 405,
    "nombre": "Luxray",
    "tipo": "Eléctrico",
    "habilidades": "Rivalidad",
    "peso": "42,0 kg",
    "altura": "1,4 m",
    "especie": "Pokémon Vista Fija",
    "ratioCaptura": 45,
    "habilidadOculta": "Agallas",
    "imagen": "https://raw.githubusercontent.com/PokeAPI/sprites/master/sprites/pokemon/other/official-artwork/405.png",
    "atrapado": false
  },
  {
    "id": 406,
    "nombre": "Budew",
    "tipo": "Planta/Veneno",
    "habilidades": "Cura Natural",
    "peso": "1,2 kg",
    "altura": "0,2 m",
    "especie": "Pokémon Capullo",
    "ratioCaptura": 255,
    "habilidadOculta": "Defensa Hoja",
    "imagen": "https://raw.githubusercontent.com/PokeAPI/sprites/master/sprites/pokemon/other/official-artwork/406.png",
    "atrapado": false
  },
  {
    "id": 407,
    "nombre": "Roserade",
    "tipo": "Planta/Veneno",
    "habilidades": "Cura Natural",
    "peso": "14,5 kg",
    "altura": "0,9 m",
    "especie": "Pokémon Ramo",
    "ratioCaptura": 75,
    "habilidadOculta": "Técnico",
    "imagen": "https://raw.githubusercontent.com/PokeAPI/sprites/master/sprites/pokemon/other/official-artwork/407.png",
    "atrapado": false
  },
  {
    "id": 408,
    "nombre": "Cranidos",
    "tipo": "Roca",
    "habilidades": "Rompemoldes",
    "peso": "31,5 kg",
    "altura": "0,9 m",
    "especie": "Pokémon Cabeza Dura",
    "ratioCaptura": 45,
    "habilidadOculta": "Fuerza Bruta",
    "imagen": "https://raw.githubusercontent.com/PokeAPI/sprites/master/sprites/pokemon/other/official-artwork/408.png",
    "atrapado": false
  },
  {
    "id": 409,
    "nombre": "Rampardos",
    "tipo": "Roca",
    "habilidades": "Rompemoldes",
    "peso": "102,5 kg",
    "altura": "1,6 m",
    "especie": "Pokémon Cabeza Dura",
    "ratioCaptura": 45,
    "habilidadOculta": "Fuerza Bruta",
    "imagen": "https://raw.githubusercontent.com/PokeAPI/sprites/master/sprites/pokemon/other/official-artwork/409.png",
    "atrapado": false
  },
  {
    "id": 410,
    "nombre": "Shieldon",
    "tipo": "Roca/Acero",
    "habilidades": "Robustez",
    "peso": "57,0 kg",
    "altura": "0,5 m",
    "especie": "Pokémon Escudo",
    "ratioCaptura": 45,
    "habilidadOculta": "Insonorizar",
    "imagen": "https://raw.githubusercontent.com/PokeAPI/sprites/master/sprites/pokemon/other/official-artwork/410.png",
    "atrapado": false
  },
  {
    "id": 411,
    "nombre": "Bastiodon",
    "tipo": "Roca/Acero",
    "habilidades": "Robustez",
    "peso": "149,5 kg",
    "altura": "1,3 m",
    "especie": "Pokémon Escudo",
    "ratioCaptura": 45,
    "habilidadOculta": "Insonorizar",
    "imagen": "https://raw.githubusercontent.com/PokeAPI/sprites/master/sprites/pokemon/other/official-artwork/411.png",
    "atrapado": false
  },
  {
    "id": 412,
    "nombre": "Burmy",
    "tipo": "Bicho",
    "habilidades": "Mudar",
    "peso": "3,4 kg",
    "altura": "0,2 m",
    "especie": "Pokémon Larva Oculta",
    "ratioCaptura": 120,
    "habilidadOculta": "Supersímplex",
    "imagen": "https://raw.githubusercontent.com/PokeAPI/sprites/master/sprites/pokemon/other/official-artwork/412.png",
    "atrapado": false
  },
  {
    "id": 413,
    "nombre": "Wormadam",
    "tipo": "Bicho/Planta",
    "habilidades": "Anticipación",
    "peso": "6,5 kg",
    "altura": "0,5 m",
    "especie": "Pokémon Larva Oculta",
    "ratioCaptura": 45,
    "habilidadOculta": "Supersímplex",
    "imagen": "https://raw.githubusercontent.com/PokeAPI/sprites/master/sprites/pokemon/other/official-artwork/413.png",
    "atrapado": false
  },
  {
    "id": 414,
    "nombre": "Mothim",
    "tipo": "Bicho/Volador",
    "habilidades": "Enjambre",
    "peso": "23,3 kg",
    "altura": "0,9 m",
    "especie": "Pokémon Polilla",
    "ratioCaptura": 45,
    "habilidadOculta": "Cromolente",
    "imagen": "https://raw.githubusercontent.com/PokeAPI/sprites/master/sprites/pokemon/other/official-artwork/414.png",
    "atrapado": false
  },
  {
    "id": 415,
    "nombre": "Combee",
    "tipo": "Bicho/Volador",
    "habilidades": "Recogemiel",
    "peso": "5,5 kg",
    "altura": "0,3 m",
    "especie": "Pokémon Abeja Diminuta",
    "ratioCaptura": 120,
    "habilidadOculta": "Entusiasmo",
    "imagen": "https://raw.githubusercontent.com/PokeAPI/sprites/master/sprites/pokemon/other/official-artwork/415.png",
    "atrapado": false
  },
  {
    "id": 416,
    "nombre": "Vespiquen",
    "tipo": "Bicho/Volador",
    "habilidades": "Presión",
    "peso": "38,5 kg",
    "altura": "1,2 m",
    "especie": "Pokémon Colmena",
    "ratioCaptura": 45,
    "habilidadOculta": "Nerviosismo",
    "imagen": "https://raw.githubusercontent.com/PokeAPI/sprites/master/sprites/pokemon/other/official-artwork/416.png",
    "atrapado": false
  },
  {
    "id": 417,
    "nombre": "Pachirisu",
    "tipo": "Eléctrico",
    "habilidades": "Fuga",
    "peso": "3,9 kg",
    "altura": "0,4 m",
    "especie": "Pokémon Ardelec",
    "ratioCaptura": 200,
    "habilidadOculta": "Absorbe Electricidad",
    "imagen": "https://raw.githubusercontent.com/PokeAPI/sprites/master/sprites/pokemon/other/official-artwork/417.png",
    "atrapado": false
  },
  {
    "id": 418,
    "nombre": "Buizel",
    "tipo": "Agua",
    "habilidades": "Nado Rápido",
    "peso": "29,5 kg",
    "altura": "0,7 m",
    "especie": "Pokémon Nutria Marina",
    "ratioCaptura": 190,
    "habilidadOculta": "Absorbe Agua",
    "imagen": "https://raw.githubusercontent.com/PokeAPI/sprites/master/sprites/pokemon/other/official-artwork/418.png",
    "atrapado": false
  },
  {
    "id": 419,
    "nombre": "Floatzel",
    "tipo": "Agua",
    "habilidades": "Nado Rápido",
    "peso": "33,5 kg",
    "altura": "1,1 m",
    "especie": "Pokémon Nutria Marina",
    "ratioCaptura": 75,
    "habilidadOculta": "Absorbe Agua",
    "imagen": "https://raw.githubusercontent.com/PokeAPI/sprites/master/sprites/pokemon/other/official-artwork/419.png",
    "atrapado": false
  },
  {
    "id": 420,
    "nombre": "Cherubi",
    "tipo": "Planta",
    "habilidades": "Clorofila",
    "peso": "3,3 kg",
    "altura": "0,4 m",
    "especie": "Pokémon Cereza",
    "ratioCaptura": 190,
    "habilidadOculta": "Clorofila",
    "imagen": "https://raw.githubusercontent.com/PokeAPI/sprites/master/sprites/pokemon/other/official-artwork/420.png",
    "atrapado": false
  },
  {
    "id": 421,
    "nombre": "Cherrim",
    "tipo": "Planta",
    "habilidades": "Don Floral",
    "peso": "9,3 kg",
    "altura": "0,5 m",
    "especie": "Pokémon Florecimiento",
    "ratioCaptura": 75,
    "habilidadOculta": "Don Floral",
    "imagen": "https://raw.githubusercontent.com/PokeAPI/sprites/master/sprites/pokemon/other/official-artwork/421.png",
    "atrapado": false
  },
  {
    "id": 422,
    "nombre": "Shellos",
    "tipo": "Agua",
    "habilidades": "Viscosidad",
    "peso": "6,3 kg",
    "altura": "0,3 m",
    "especie": "Pokémon Babosa Marina",
    "ratioCaptura": 190,
    "habilidadOculta": "Poder Arena",
    "imagen": "https://raw.githubusercontent.com/PokeAPI/sprites/master/sprites/pokemon/other/official-artwork/422.png",
    "atrapado": false
  },
  {
    "id": 423,
    "nombre": "Gastrodon",
    "tipo": "Agua/Tierra",
    "habilidades": "Viscosidad",
    "peso": "29,9 kg",
    "altura": "0,9 m",
    "especie": "Pokémon Babosa Marina",
    "ratioCaptura": 75,
    "habilidadOculta": "Poder Arena",
    "imagen": "https://raw.githubusercontent.com/PokeAPI/sprites/master/sprites/pokemon/other/official-artwork/423.png",
    "atrapado": false
  },
  {
    "id": 424,
    "nombre": "Ambipom",
    "tipo": "Normal",
    "habilidades": "Técnico",
    "peso": "20,3 kg",
    "altura": "1,2 m",
    "especie": "Pokémon Cola Larga",
    "ratioCaptura": 45,
    "habilidadOculta": "Experto",
    "imagen": "https://raw.githubusercontent.com/PokeAPI/sprites/master/sprites/pokemon/other/official-artwork/424.png",
    "atrapado": false
  },
  {
    "id": 425,
    "nombre": "Drifloon",
    "tipo": "Fantasma/Volador",
    "habilidades": "Secuela",
    "peso": "1,2 kg",
    "altura": "0,4 m",
    "especie": "Pokémon Globo",
    "ratioCaptura": 125,
    "habilidadOculta": "Cuerpo Llama",
    "imagen": "https://raw.githubusercontent.com/PokeAPI/sprites/master/sprites/pokemon/other/official-artwork/425.png",
    "atrapado": false
  },
  {
    "id": 426,
    "nombre": "Drifblim",
    "tipo": "Fantasma/Volador",
    "habilidades": "Secuela",
    "peso": "15,0 kg",
    "altura": "1,2 m",
    "especie": "Pokémon Dirigible",
    "ratioCaptura": 60,
    "habilidadOculta": "Cuerpo Llama",
    "imagen": "https://raw.githubusercontent.com/PokeAPI/sprites/master/sprites/pokemon/other/official-artwork/426.png",
    "atrapado": false
  },
  {
    "id": 427,
    "nombre": "Buneary",
    "tipo": "Normal",
    "habilidades": "Fuga",
    "peso": "5,5 kg",
    "altura": "0,4 m",
    "especie": "Pokémon Conejo",
    "ratioCaptura": 190,
    "habilidadOculta": "Flexibilidad",
    "imagen": "https://raw.githubusercontent.com/PokeAPI/sprites/master/sprites/pokemon/other/official-artwork/427.png",
    "atrapado": false
  },
  {
    "id": 428,
    "nombre": "Lopunny",
    "tipo": "Normal",
    "habilidades": "Gran Encanto",
    "peso": "33,3 kg",
    "altura": "1,2 m",
    "especie": "Pokémon Conejo",
    "ratioCaptura": 60,
    "habilidadOculta": "Flexibilidad",
    "imagen": "https://raw.githubusercontent.com/PokeAPI/sprites/master/sprites/pokemon/other/official-artwork/428.png",
    "atrapado": false
  },
  {
    "id": 429,
    "nombre": "Mismagius",
    "tipo": "Fantasma",
    "habilidades": "Levitación",
    "peso": "4,4 kg",
    "altura": "0,9 m",
    "especie": "Pokémon Mágico",
    "ratioCaptura": 45,
    "habilidadOculta": "Levitación",
    "imagen": "https://raw.githubusercontent.com/PokeAPI/sprites/master/sprites/pokemon/other/official-artwork/429.png",
    "atrapado": false
  },
  {
    "id": 430,
    "nombre": "Honchkrow",
    "tipo": "Siniestro/Volador",
    "habilidades": "Insomnio",
    "peso": "27,3 kg",
    "altura": "0,9 m",
    "especie": "Pokémon Gran Jefe",
    "ratioCaptura": 30,
    "habilidadOculta": "Autoestima",
    "imagen": "https://raw.githubusercontent.com/PokeAPI/sprites/master/sprites/pokemon/other/official-artwork/430.png",
    "atrapado": false
  },
  {
    "id": 431,
    "nombre": "Glameow",
    "tipo": "Normal",
    "habilidades": "Flexibilidad",
    "peso": "3,9 kg",
    "altura": "0,5 m",
    "especie": "Pokémon Gato Hurón",
    "ratioCaptura": 190,
    "habilidadOculta": "Irascible",
    "imagen": "https://raw.githubusercontent.com/PokeAPI/sprites/master/sprites/pokemon/other/official-artwork/431.png",
    "atrapado": false
  },
  {
    "id": 432,
    "nombre": "Purugly",
    "tipo": "Normal",
    "habilidades": "Sebo",
    "peso": "43,8 kg",
    "altura": "1,0 m",
    "especie": "Pokémon Gato Tigre",
    "ratioCaptura": 75,
    "habilidadOculta": "Irascible",
    "imagen": "https://raw.githubusercontent.com/PokeAPI/sprites/master/sprites/pokemon/other/official-artwork/432.png",
    "atrapado": false
  },
  {
    "id": 433,
    "nombre": "Chingling",
    "tipo": "Psíquico",
    "habilidades": "Levitación",
    "peso": "0,6 kg",
    "altura": "0,2 m",
    "especie": "Pokémon Campana",
    "ratioCaptura": 120,
    "habilidadOculta": "Levitación",
    "imagen": "https://raw.githubusercontent.com/PokeAPI/sprites/master/sprites/pokemon/other/official-artwork/433.png",
    "atrapado": false
  },
  {
    "id": 434,
    "nombre": "Stunky",
    "tipo": "Veneno/Siniestro",
    "habilidades": "Hedor",
    "peso": "19,2 kg",
    "altura": "0,4 m",
    "especie": "Pokémon Mofeta",
    "ratioCaptura": 225,
    "habilidadOculta": "Vista Lince",
    "imagen": "https://raw.githubusercontent.com/PokeAPI/sprites/master/sprites/pokemon/other/official-artwork/434.png",
    "atrapado": false
  },
  {
    "id": 435,
    "nombre": "Skuntank",
    "tipo": "Veneno/Siniestro",
    "habilidades": "Hedor",
    "peso": "38,0 kg",
    "altura": "1,0 m",
    "especie": "Pokémon Mofeta",
    "ratioCaptura": 60,
    "habilidadOculta": "Vista Lince",
    "imagen": "https://raw.githubusercontent.com/PokeAPI/sprites/master/sprites/pokemon/other/official-artwork/435.png",
    "atrapado": false
  },
  {
    "id": 436,
    "nombre": "Bronzor",
    "tipo": "Acero/Psíquico",
    "habilidades": "Levitación",
    "peso": "60,5 kg",
    "altura": "0,5 m",
    "especie": "Pokémon Bronce",
    "ratioCaptura": 255,
    "habilidadOculta": "Cabeza Pesada",
    "imagen": "https://raw.githubusercontent.com/PokeAPI/sprites/master/sprites/pokemon/other/official-artwork/484.png",
    "atrapado": false
  },
  {
    "id": 485,
    "nombre": "Heatran",
    "tipo": "Fuego/Acero",
    "habilidades": "Absorbe Fuego",
    "peso": "430,0 kg",
    "altura": "1,7 m",
    "especie": "Pokémon Domo Lava",
    "ratioCaptura": 3,
    "habilidadOculta": "Cuerpo Llama",
    "imagen": "https://raw.githubusercontent.com/PokeAPI/sprites/master/sprites/pokemon/other/official-artwork/485.png",
    "atrapado": false
  },
  {
    "id": 486,
    "nombre": "Regigigas",
    "tipo": "Normal",
    "habilidades": "Inicio Lento",
    "peso": "420,0 kg",
    "altura": "3,7 m",
    "especie": "Pokémon Colosal",
    "ratioCaptura": 3,
    "habilidadOculta": "Inicio Lento",
    "imagen": "https://raw.githubusercontent.com/PokeAPI/sprites/master/sprites/pokemon/other/official-artwork/486.png",
    "atrapado": false
  },
  {
    "id": 487,
    "nombre": "Giratina",
    "tipo": "Fantasma/Dragón",
    "habilidades": "Presión",
    "peso": "750,0 kg",
    "altura": "4,5 m",
    "especie": "Pokémon Rebelde",
    "ratioCaptura": 3,
    "habilidadOculta": "Telepático",
    "imagen": "https://raw.githubusercontent.com/PokeAPI/sprites/master/sprites/pokemon/other/official-artwork/487.png",
    "atrapado": false
  },
  {
    "id": 488,
    "nombre": "Cresselia",
    "tipo": "Psíquico",
    "habilidades": "Levitación",
    "peso": "85,6 kg",
    "altura": "1,5 m",
    "especie": "Pokémon Lunar",
    "ratioCaptura": 3,
    "habilidadOculta": "Levitación",
    "imagen": "https://raw.githubusercontent.com/PokeAPI/sprites/master/sprites/pokemon/other/official-artwork/488.png",
    "atrapado": false
  },
  {
    "id": 489,
    "nombre": "Phione",
    "tipo": "Agua",
    "habilidades": "Hidratación",
    "peso": "3,1 kg",
    "altura": "0,4 m",
    "especie": "Pokémon Deriva Marina",
    "ratioCaptura": 30,
    "habilidadOculta": "Hidratación",
    "imagen": "https://raw.githubusercontent.com/PokeAPI/sprites/master/sprites/pokemon/other/official-artwork/489.png",
    "atrapado": false
  },
  {
    "id": 490,
    "nombre": "Manaphy",
    "tipo": "Agua",
    "habilidades": "Hidratación",
    "peso": "1,4 kg",
    "altura": "0,3 m",
    "especie": "Pokémon Errante",
    "ratioCaptura": 3,
    "habilidadOculta": "Hidratación",
    "imagen": "https://raw.githubusercontent.com/PokeAPI/sprites/master/sprites/pokemon/other/official-artwork/490.png",
    "atrapado": false
  },
  {
    "id": 491,
    "nombre": "Darkrai",
    "tipo": "Siniestro",
    "habilidades": "Mal Sueño",
    "peso": "50,5 kg",
    "altura": "1,5 m",
    "especie": "Pokémon Oscuridad",
    "ratioCaptura": 3,
    "habilidadOculta": "Mal Sueño",
    "imagen": "https://raw.githubusercontent.com/PokeAPI/sprites/master/sprites/pokemon/other/official-artwork/491.png",
    "atrapado": false
  },
  {
    "id": 492,
    "nombre": "Shaymin",
    "tipo": "Planta",
    "habilidades": "Cura Natural",
    "peso": "2,1 kg",
    "altura": "0,2 m",
    "especie": "Pokémon Gratitud",
    "ratioCaptura": 45,
    "habilidadOculta": "Cura Natural",
    "imagen": "https://raw.githubusercontent.com/PokeAPI/sprites/master/sprites/pokemon/other/official-artwork/492.png",
    "atrapado": false
  },
  {
    "id": 493,
    "nombre": "Arceus",
    "tipo": "Normal",
    "habilidades": "Multitipo",
    "peso": "320,0 kg",
    "altura": "3,2 m",
    "especie": "Pokémon Alfa",
    "ratioCaptura": 3,
    "habilidadOculta": "Multitipo",
    "imagen": "https://raw.githubusercontent.com/PokeAPI/sprites/master/sprites/pokemon/other/official-artwork/493.png",
    "atrapado": false
  },
  {
    "id": 494,
    "nombre": "Victini",
    "tipo": "Psíquico/Fuego",
    "habilidades": "Tinovictoria",
    "peso": "4,0 kg",
    "altura": "0,4 m",
    "especie": "Pokémon Victoria",
    "ratioCaptura": 3,
    "habilidadOculta": "Tinovictoria",
    "imagen": "https://raw.githubusercontent.com/PokeAPI/sprites/master/sprites/pokemon/other/official-artwork/494.png",
    "atrapado": false
  },
  {
    "id": 495,
    "nombre": "Snivy",
    "tipo": "Planta",
    "habilidades": "Espesura",
    "peso": "8,1 kg",
    "altura": "0,6 m",
    "especie": "Pokémon Serpiente Hierba",
    "ratioCaptura": 45,
    "habilidadOculta": "Respondón",
    "imagen": "https://raw.githubusercontent.com/PokeAPI/sprites/master/sprites/pokemon/other/official-artwork/495.png",
    "atrapado": false
  },
  {
    "id": 496,
    "nombre": "Servine",
    "tipo": "Planta",
    "habilidades": "Espesura",
    "peso": "16,0 kg",
    "altura": "0,8 m",
    "especie": "Pokémon Serpiente Hierba",
    "ratioCaptura": 45,
    "habilidadOculta": "Respondón",
    "imagen": "https://raw.githubusercontent.com/PokeAPI/sprites/master/sprites/pokemon/other/official-artwork/496.png",
    "atrapado": false
  },
  {
    "id": 497,
    "nombre": "Serperior",
    "tipo": "Planta",
    "habilidades": "Espesura",
    "peso": "63,0 kg",
    "altura": "3,3 m",
    "especie": "Pokémon Regio",
    "ratioCaptura": 45,
    "habilidadOculta": "Respondón",
    "imagen": "https://raw.githubusercontent.com/PokeAPI/sprites/master/sprites/pokemon/other/official-artwork/497.png",
    "atrapado": false
  },
  {
    "id": 498,
    "nombre": "Tepig",
    "tipo": "Fuego",
    "habilidades": "Mar Llamas",
    "peso": "9,9 kg",
    "altura": "0,5 m",
    "especie": "Pokémon Cerdo Fuego",
    "ratioCaptura": 45,
    "habilidadOculta": "Sebo",
    "imagen": "https://raw.githubusercontent.com/PokeAPI/sprites/master/sprites/pokemon/other/official-artwork/498.png",
    "atrapado": false
  },
  {
    "id": 499,
    "nombre": "Pignite",
    "tipo": "Fuego/Lucha",
    "habilidades": "Mar Llamas",
    "peso": "55,5 kg",
    "altura": "1,0 m",
    "especie": "Pokémon Cerdo Fuego",
    "ratioCaptura": 45,
    "habilidadOculta": "Sebo",
    "imagen": "https://raw.githubusercontent.com/PokeAPI/sprites/master/sprites/pokemon/other/official-artwork/499.png",
    "atrapado": false
  },
  {
    "id": 500,
    "nombre": "Emboar",
    "tipo": "Fuego/Lucha",
    "habilidades": "Mar Llamas",
    "peso": "150,0 kg",
    "altura": "1,6 m",
    "especie": "Pokémon Cerdo Fuego",
    "ratioCaptura": 45,
    "habilidadOculta": "Audaz",
    "imagen": "https://raw.githubusercontent.com/PokeAPI/sprites/master/sprites/pokemon/other/official-artwork/500.png",
    "atrapado": false
  },
  {
    "id": 501,
    "nombre": "Oshawott",
    "tipo": "Agua",
    "habilidades": "Torrente",
    "peso": "5,9 kg",
    "altura": "0,5 m",
    "especie": "Pokémon Nutria Marina",
    "ratioCaptura": 45,
    "habilidadOculta": "Caparazón",
    "imagen": "https://raw.githubusercontent.com/PokeAPI/sprites/master/sprites/pokemon/other/official-artwork/501.png",
    "atrapado": false
  },
  {
    "id": 502,
    "nombre": "Dewott",
    "tipo": "Agua",
    "habilidades": "Torrente",
    "peso": "24,5 kg",
    "altura": "0,8 m",
    "especie": "Pokémon Disciplina",
    "ratioCaptura": 45,
    "habilidadOculta": "Caparazón",
    "imagen": "https://raw.githubusercontent.com/PokeAPI/sprites/master/sprites/pokemon/other/official-artwork/502.png",
    "atrapado": false
  },
  {
    "id": 503,
    "nombre": "Samurott",
    "tipo": "Agua",
    "habilidades": "Torrente",
    "peso": "94,6 kg",
    "altura": "1,5 m",
    "especie": "Pokémon Imponente",
    "ratioCaptura": 45,
    "habilidadOculta": "Caparazón",
    "imagen": "https://raw.githubusercontent.com/PokeAPI/sprites/master/sprites/pokemon/other/official-artwork/503.png",
    "atrapado": false
  },
  {
    "id": 504,
    "nombre": "Patrat",
    "tipo": "Normal",
    "habilidades": "Fuga",
    "peso": "11,6 kg",
    "altura": "0,5 m",
    "especie": "Pokémon Explorador",
    "ratioCaptura": 255,
    "habilidadOculta": "Análisis",
    "imagen": "https://raw.githubusercontent.com/PokeAPI/sprites/master/sprites/pokemon/other/official-artwork/504.png",
    "atrapado": false
  },
  {
    "id": 505,
    "nombre": "Watchog",
    "tipo": "Normal",
    "habilidades": "Iluminación",
    "peso": "27,0 kg",
    "altura": "1,1 m",
    "especie": "Pokémon Vigilante",
    "ratioCaptura": 255,
    "habilidadOculta": "Análisis",
    "imagen": "https://raw.githubusercontent.com/PokeAPI/sprites/master/sprites/pokemon/other/official-artwork/505.png",
    "atrapado": false
  },
  {
    "id": 506,
    "nombre": "Lillipup",
    "tipo": "Normal",
    "habilidades": "Espíritu Vital",
    "peso": "4,1 kg",
    "altura": "0,4 m",
    "especie": "Pokémon Perrito",
    "ratioCaptura": 255,
    "habilidadOculta": "Fuga",
    "imagen": "https://raw.githubusercontent.com/PokeAPI/sprites/master/sprites/pokemon/other/official-artwork/506.png",
    "atrapado": false
  },
  {
    "id": 507,
    "nombre": "Herdier",
    "tipo": "Normal",
    "habilidades": "Intimidación",
    "peso": "14,7 kg",
    "altura": "0,9 m",
    "especie": "Pokémon Leal",
    "ratioCaptura": 120,
    "habilidadOculta": "Cacheo",
    "imagen": "https://raw.githubusercontent.com/PokeAPI/sprites/master/sprites/pokemon/other/official-artwork/507.png",
    "atrapado": false
  },
  {
    "id": 508,
    "nombre": "Stoutland",
    "tipo": "Normal",
    "habilidades": "Intimidación",
    "peso": "61,0 kg",
    "altura": "1,2 m",
    "especie": "Pokémon Gran Perro",
    "ratioCaptura": 45,
    "habilidadOculta": "Cacheo",
    "imagen": "https://raw.githubusercontent.com/PokeAPI/sprites/master/sprites/pokemon/other/official-artwork/508.png",
    "atrapado": false
  },
  {
    "id": 509,
    "nombre": "Purrloin",
    "tipo": "Siniestro",
    "habilidades": "Flexibilidad",
    "peso": "10,1 kg",
    "altura": "0,4 m",
    "especie": "Pokémon Malicioso",
    "ratioCaptura": 255,
    "habilidadOculta": "Bromista",
    "imagen": "https://raw.githubusercontent.com/PokeAPI/sprites/master/sprites/pokemon/other/official-artwork/509.png",
    "atrapado": false
  },
  {
    "id": 510,
    "nombre": "Liepard",
    "tipo": "Siniestro",
    "habilidades": "Flexibilidad",
    "peso": "37,5 kg",
    "altura": "1,1 m",
    "especie": "Pokémon Cruel",
    "ratioCaptura": 90,
    "habilidadOculta": "Bromista",
    "imagen": "https://raw.githubusercontent.com/PokeAPI/sprites/master/sprites/pokemon/other/official-artwork/510.png",
    "atrapado": false
  },
  {
    "id": 511,
    "nombre": "Pansage",
    "tipo": "Planta",
    "habilidades": "Gula",
    "peso": "10,5 kg",
    "altura": "0,6 m",
    "especie": "Pokémon Hierba Mono",
    "ratioCaptura": 190,
    "habilidadOculta": "Supersímplex",
    "imagen": "https://raw.githubusercontent.com/PokeAPI/sprites/master/sprites/pokemon/other/official-artwork/511.png",
    "atrapado": false
  },
  {
    "id": 512,
    "nombre": "Simisage",
    "tipo": "Planta",
    "habilidades": "Gula",
    "peso": "30,5 kg",
    "altura": "1,1 m",
    "especie": "Pokémon Espina",
    "ratioCaptura": 75,
    "habilidadOculta": "Supersímplex",
    "imagen": "https://raw.githubusercontent.com/PokeAPI/sprites/master/sprites/pokemon/other/official-artwork/512.png",
    "atrapado": false
  },
  {
    "id": 513,
    "nombre": "Pansear",
    "tipo": "Fuego",
    "habilidades": "Gula",
    "peso": "11,0 kg",
    "altura": "0,6 m",
    "especie": "Pokémon Ascua",
    "ratioCaptura": 190,
    "habilidadOculta": "Mar Llamas",
    "imagen": "https://raw.githubusercontent.com/PokeAPI/sprites/master/sprites/pokemon/other/official-artwork/513.png",
    "atrapado": false
  },
  {
    "id": 514,
    "nombre": "Simisear",
    "tipo": "Fuego",
    "habilidades": "Gula",
    "peso": "28,0 kg",
    "altura": "1,0 m",
    "especie": "Pokémon Ascua",
    "ratioCaptura": 75,
    "habilidadOculta": "Mar Llamas",
    "imagen": "https://raw.githubusercontent.com/PokeAPI/sprites/master/sprites/pokemon/other/official-artwork/514.png",
    "atrapado": false
  },
  {
    "id": 515,
    "nombre": "Panpour",
    "tipo": "Agua",
    "habilidades": "Gula",
    "peso": "13,5 kg",
    "altura": "0,6 m",
    "especie": "Pokémon Chorro",
    "ratioCaptura": 190,
    "habilidadOculta": "Torrente",
    "imagen": "https://raw.githubusercontent.com/PokeAPI/sprites/master/sprites/pokemon/other/official-artwork/515.png",
    "atrapado": false
  },
  {
    "id": 516,
    "nombre": "Simipour",
    "tipo": "Agua",
    "habilidades": "Gula",
    "peso": "29,0 kg",
    "altura": "1,0 m",
    "especie": "Pokémon Chorro",
    "ratioCaptura": 75,
    "habilidadOculta": "Torrente",
    "imagen": "https://raw.githubusercontent.com/PokeAPI/sprites/master/sprites/pokemon/other/official-artwork/516.png",
    "atrapado": false
  },
  {
    "id": 517,
    "nombre": "Munna",
    "tipo": "Psíquico",
    "habilidades": "Presagio",
    "peso": "23,3 kg",
    "altura": "0,6 m",
    "especie": "Pokémon Come Sueños",
    "ratioCaptura": 190,
    "habilidadOculta": "Telepático",
    "imagen": "https://raw.githubusercontent.com/PokeAPI/sprites/master/sprites/pokemon/other/official-artwork/517.png",
    "atrapado": false
  },
  {
    "id": 518,
    "nombre": "Musharna",
    "tipo": "Psíquico",
    "habilidades": "Presagio",
    "peso": "60,5 kg",
    "altura": "1,1 m",
    "especie": "Pokémon Somnolencia",
    "ratioCaptura": 75,
    "habilidadOculta": "Telepático",
    "imagen": "https://raw.githubusercontent.com/PokeAPI/sprites/master/sprites/pokemon/other/official-artwork/518.png",
    "atrapado": false
  },
  {
    "id": 519,
    "nombre": "Pidove",
    "tipo": "Normal/Volador",
    "habilidades": "Sacapecho",
    "peso": "2,1 kg",
    "altura": "0,3 m",
    "especie": "Pokémon Palomita",
    "ratioCaptura": 255,
    "habilidadOculta": "Rivalidad",
    "imagen": "https://raw.githubusercontent.com/PokeAPI/sprites/master/sprites/pokemon/other/official-artwork/519.png",
    "atrapado": false
  },
  {
    "id": 520,
    "nombre": "Tranquill",
    "tipo": "Normal/Volador",
    "habilidades": "Sacapecho",
    "peso": "15,0 kg",
    "altura": "0,6 m",
    "especie": "Pokémon Paloma Salvaje",
    "ratioCaptura": 120,
    "habilidadOculta": "Rivalidad",
    "imagen": "https://raw.githubusercontent.com/PokeAPI/sprites/master/sprites/pokemon/other/official-artwork/520.png",
    "atrapado": false
  },
  {
    "id": 521,
    "nombre": "Unfezant",
    "tipo": "Normal/Volador",
    "habilidades": "Sacapecho",
    "peso": "29,0 kg",
    "altura": "1,2 m",
    "especie": "Pokémon Majestuoso",
    "ratioCaptura": 45,
    "habilidadOculta": "Rivalidad",
    "imagen": "https://raw.githubusercontent.com/PokeAPI/sprites/master/sprites/pokemon/other/official-artwork/521.png",
    "atrapado": false
  },
  {
    "id": 522,
    "nombre": "Blitzle",
    "tipo": "Eléctrico",
    "habilidades": "Pararrayos",
    "peso": "29,8 kg",
    "altura": "0,8 m",
    "especie": "Pokémon Electrizado",
    "ratioCaptura": 190,
    "habilidadOculta": "Herbívoro",
    "imagen": "https://raw.githubusercontent.com/PokeAPI/sprites/master/sprites/pokemon/other/official-artwork/522.png",
    "atrapado": false
  },
  {
    "id": 523,
    "nombre": "Zebstrika",
    "tipo": "Eléctrico",
    "habilidades": "Pararrayos",
    "peso": "79,5 kg",
    "altura": "1,6 m",
    "especie": "Pokémon Rayo",
    "ratioCaptura": 75,
    "habilidadOculta": "Herbívoro",
    "imagen": "https://raw.githubusercontent.com/PokeAPI/sprites/master/sprites/pokemon/other/official-artwork/523.png",
    "atrapado": false
  },
  {
    "id": 524,
    "nombre": "Roggenrola",
    "tipo": "Roca",
    "habilidades": "Robustez",
    "peso": "18,0 kg",
    "altura": "0,4 m",
    "especie": "Pokémon Manto",
    "ratioCaptura": 255,
    "habilidadOculta": "Poder Arena",
    "imagen": "https://raw.githubusercontent.com/PokeAPI/sprites/master/sprites/pokemon/other/official-artwork/524.png",
    "atrapado": false
  },
  {
    "id": 525,
    "nombre": "Boldore",
    "tipo": "Roca",
    "habilidades": "Robustez",
    "peso": "102,0 kg",
    "altura": "0,9 m",
    "especie": "Pokémon Mineral",
    "ratioCaptura": 120,
    "habilidadOculta": "Poder Arena",
    "imagen": "https://raw.githubusercontent.com/PokeAPI/sprites/master/sprites/pokemon/other/official-artwork/525.png",
    "atrapado": false
  },
  {
    "id": 526,
    "nombre": "Gigalith",
    "tipo": "Roca",
    "habilidades": "Robustez",
    "peso": "260,0 kg",
    "altura": "1,7 m",
    "especie": "Pokémon Comprimido",
    "ratioCaptura": 45,
    "habilidadOculta": "Poder Arena",
    "imagen": "https://raw.githubusercontent.com/PokeAPI/sprites/master/sprites/pokemon/other/official-artwork/526.png",
    "atrapado": false
  },
  {
    "id": 527,
    "nombre": "Woobat",
    "tipo": "Psíquico/Volador",
    "habilidades": "Ignorante",
    "peso": "2,1 kg",
    "altura": "0,4 m",
    "especie": "Pokémon Murciélago",
    "ratioCaptura": 190,
    "habilidadOculta": "Simpleza",
    "imagen": "https://raw.githubusercontent.com/PokeAPI/sprites/master/sprites/pokemon/other/official-artwork/527.png",
    "atrapado": false
  },
  {
    "id": 528,
    "nombre": "Swoobat",
    "tipo": "Psíquico/Volador",
    "habilidades": "Ignorante",
    "peso": "10,5 kg",
    "altura": "0,9 m",
    "especie": "Pokémon Cortejo",
    "ratioCaptura": 45,
    "habilidadOculta": "Simpleza",
    "imagen": "https://raw.githubusercontent.com/PokeAPI/sprites/master/sprites/pokemon/other/official-artwork/528.png",
    "atrapado": false
  },
  {
    "id": 529,
    "nombre": "Drilbur",
    "tipo": "Tierra",
    "habilidades": "Poder Arena",
    "peso": "8,5 kg",
    "altura": "0,3 m",
    "especie": "Pokémon Topo",
    "ratioCaptura": 120,
    "habilidadOculta": "Rompemoldes",
    "imagen": "https://raw.githubusercontent.com/PokeAPI/sprites/master/sprites/pokemon/other/official-artwork/529.png",
    "atrapado": false
  },
  {
    "id": 530,
    "nombre": "Excadrill",
    "tipo": "Tierra/Acero",
    "habilidades": "Poder Arena",
    "peso": "40,4 kg",
    "altura": "0,7 m",
    "especie": "Pokémon Subterráneo",
    "ratioCaptura": 60,
    "habilidadOculta": "Rompemoldes",
    "imagen": "https://raw.githubusercontent.com/PokeAPI/sprites/master/sprites/pokemon/other/official-artwork/530.png",
    "atrapado": false
  },
  {
    "id": 531,
    "nombre": "Audino",
    "tipo": "Normal",
    "habilidades": "Alma Cura",
    "peso": "31,0 kg",
    "altura": "1,1 m",
    "especie": "Pokémon Escucha",
    "ratioCaptura": 255,
    "habilidadOculta": "Experto",
    "imagen": "https://raw.githubusercontent.com/PokeAPI/sprites/master/sprites/pokemon/other/official-artwork/531.png",
    "atrapado": false
  },
  {
    "id": 532,
    "nombre": "Timburr",
    "tipo": "Lucha",
    "habilidades": "Agallas",
    "peso": "12,5 kg",
    "altura": "0,6 m",
    "especie": "Pokémon Musculoso",
    "ratioCaptura": 180,
    "habilidadOculta": "Puño Férreo",
    "imagen": "https://raw.githubusercontent.com/PokeAPI/sprites/master/sprites/pokemon/other/official-artwork/532.png",
    "atrapado": false
  },
  {
    "id": 533,
    "nombre": "Gurdurr",
    "tipo": "Lucha",
    "habilidades": "Agallas",
    "peso": "40,0 kg",
    "altura": "1,2 m",
    "especie": "Pokémon Musculoso",
    "ratioCaptura": 90,
    "habilidadOculta": "Puño Férreo",
    "imagen": "https://raw.githubusercontent.com/PokeAPI/sprites/master/sprites/pokemon/other/official-artwork/533.png",
    "atrapado": false
  },
  {
    "id": 534,
    "nombre": "Conkeldurr",
    "tipo": "Lucha",
    "habilidades": "Agallas",
    "peso": "87,0 kg",
    "altura": "1,4 m",
    "especie": "Pokémon Musculoso",
    "ratioCaptura": 45,
    "habilidadOculta": "Puño Férreo",
    "imagen": "https://raw.githubusercontent.com/PokeAPI/sprites/master/sprites/pokemon/other/official-artwork/534.png",
    "atrapado": false
  },
  {
    "id": 437,
    "nombre": "Bronzong",
    "tipo": "Acero/Psíquico",
    "habilidades": "Levitación",
    "peso": "187,0 kg",
    "altura": "1,3 m",
    "especie": "Pokémon Campana Bronce",
    "ratioCaptura": 90,
    "habilidadOculta": "Cabeza Pesada",
    "imagen": "https://raw.githubusercontent.com/PokeAPI/sprites/master/sprites/pokemon/other/official-artwork/437.png",
    "atrapado": false
  },
  {
    "id": 438,
    "nombre": "Bonsly",
    "tipo": "Roca",
    "habilidades": "Robustez",
    "peso": "15,0 kg",
    "altura": "0,5 m",
    "especie": "Pokémon Bonsái",
    "ratioCaptura": 255,
    "habilidadOculta": "Cobardía",
    "imagen": "https://raw.githubusercontent.com/PokeAPI/sprites/master/sprites/pokemon/other/official-artwork/438.png",
    "atrapado": false
  },
  {
    "id": 439,
    "nombre": "Mime Jr.",
    "tipo": "Psíquico/Hada",
    "habilidades": "Insonorizar",
    "peso": "13,0 kg",
    "altura": "0,6 m",
    "especie": "Pokémon Mimo",
    "ratioCaptura": 145,
    "habilidadOculta": "Técnico",
    "imagen": "https://raw.githubusercontent.com/PokeAPI/sprites/master/sprites/pokemon/other/official-artwork/439.png",
    "atrapado": false
  },
  {
    "id": 440,
    "nombre": "Happiny",
    "tipo": "Normal",
    "habilidades": "Dicha",
    "peso": "24,4 kg",
    "altura": "0,6 m",
    "especie": "Pokémon Casita",
    "ratioCaptura": 130,
    "habilidadOculta": "Amigo Fiel",
    "imagen": "https://raw.githubusercontent.com/PokeAPI/sprites/master/sprites/pokemon/other/official-artwork/440.png",
    "atrapado": false
  },
  {
    "id": 441,
    "nombre": "Chatot",
    "tipo": "Normal/Volador",
    "habilidades": "Vista Lince",
    "peso": "1,9 kg",
    "altura": "0,5 m",
    "especie": "Pokémon Nota Musical",
    "ratioCaptura": 30,
    "habilidadOculta": "Cabeza Grande",
    "imagen": "https://raw.githubusercontent.com/PokeAPI/sprites/master/sprites/pokemon/other/official-artwork/441.png",
    "atrapado": false
  },
  {
    "id": 442,
    "nombre": "Spiritomb",
    "tipo": "Fantasma/Siniestro",
    "habilidades": "Presión",
    "peso": "108,0 kg",
    "altura": "1,0 m",
    "especie": "Pokémon Prohibido",
    "ratioCaptura": 100,
    "habilidadOculta": "Allanamiento",
    "imagen": "https://raw.githubusercontent.com/PokeAPI/sprites/master/sprites/pokemon/other/official-artwork/442.png",
    "atrapado": false
  },
  {
    "id": 443,
    "nombre": "Gible",
    "tipo": "Dragón/Tierra",
    "habilidades": "Velo Arena",
    "peso": "20,5 kg",
    "altura": "0,7 m",
    "especie": "Pokémon Tierra Tiburón",
    "ratioCaptura": 45,
    "habilidadOculta": "Piel Tosca",
    "imagen": "https://raw.githubusercontent.com/PokeAPI/sprites/master/sprites/pokemon/other/official-artwork/443.png",
    "atrapado": false
  },
  {
    "id": 444,
    "nombre": "Gabite",
    "tipo": "Dragón/Tierra",
    "habilidades": "Velo Arena",
    "peso": "56,0 kg",
    "altura": "1,4 m",
    "especie": "Pokémon Cueva",
    "ratioCaptura": 45,
    "habilidadOculta": "Piel Tosca",
    "imagen": "https://raw.githubusercontent.com/PokeAPI/sprites/master/sprites/pokemon/other/official-artwork/444.png",
    "atrapado": false
  },
  {
    "id": 445,
    "nombre": "Garchomp",
    "tipo": "Dragón/Tierra",
    "habilidades": "Velo Arena",
    "peso": "95,0 kg",
    "altura": "1,9 m",
    "especie": "Pokémon Mach",
    "ratioCaptura": 45,
    "habilidadOculta": "Piel Tosca",
    "imagen": "https://raw.githubusercontent.com/PokeAPI/sprites/master/sprites/pokemon/other/official-artwork/445.png",
    "atrapado": false
  },
  {
    "id": 446,
    "nombre": "Munchlax",
    "tipo": "Normal",
    "habilidades": "Recogida",
    "peso": "105,0 kg",
    "altura": "0,6 m",
    "especie": "Pokémon Comilón",
    "ratioCaptura": 50,
    "habilidadOculta": "Gula",
    "imagen": "https://raw.githubusercontent.com/PokeAPI/sprites/master/sprites/pokemon/other/official-artwork/446.png",
    "atrapado": false
  },
  {
    "id": 447,
    "nombre": "Riolu",
    "tipo": "Lucha",
    "habilidades": "Impasible",
    "peso": "20,2 kg",
    "altura": "0,7 m",
    "especie": "Pokémon Emanación",
    "ratioCaptura": 75,
    "habilidadOculta": "Bromista",
    "imagen": "https://raw.githubusercontent.com/PokeAPI/sprites/master/sprites/pokemon/other/official-artwork/447.png",
    "atrapado": false
  },
  {
    "id": 448,
    "nombre": "Lucario",
    "tipo": "Lucha/Acero",
    "habilidades": "Impasible",
    "peso": "54,0 kg",
    "altura": "1,2 m",
    "especie": "Pokémon Aura",
    "ratioCaptura": 45,
    "habilidadOculta": "Justiciero",
    "imagen": "https://raw.githubusercontent.com/PokeAPI/sprites/master/sprites/pokemon/other/official-artwork/448.png",
    "atrapado": false
  },
  {
    "id": 449,
    "nombre": "Hippopotas",
    "tipo": "Tierra",
    "habilidades": "Chorro Arena",
    "peso": "49,5 kg",
    "altura": "0,8 m",
    "especie": "Pokémon Hipopótamo",
    "ratioCaptura": 140,
    "habilidadOculta": "Poder Arena",
    "imagen": "https://raw.githubusercontent.com/PokeAPI/sprites/master/sprites/pokemon/other/official-artwork/449.png",
    "atrapado": false
  },
  {
    "id": 450,
    "nombre": "Hippowdon",
    "tipo": "Tierra",
    "habilidades": "Chorro Arena",
    "peso": "300,0 kg",
    "altura": "2,0 m",
    "especie": "Pokémon Peso Pesado",
    "ratioCaptura": 60,
    "habilidadOculta": "Poder Arena",
    "imagen": "https://raw.githubusercontent.com/PokeAPI/sprites/master/sprites/pokemon/other/official-artwork/450.png",
    "atrapado": false
  },
  {
    "id": 451,
    "nombre": "Skorupi",
    "tipo": "Veneno/Bicho",
    "habilidades": "Armadura Batalla",
    "peso": "12,0 kg",
    "altura": "0,8 m",
    "especie": "Pokémon Escorpión",
    "ratioCaptura": 120,
    "habilidadOculta": "Vista Lince",
    "imagen": "https://raw.githubusercontent.com/PokeAPI/sprites/master/sprites/pokemon/other/official-artwork/451.png",
    "atrapado": false
  },
  {
    "id": 452,
    "nombre": "Drapion",
    "tipo": "Veneno/Siniestro",
    "habilidades": "Armadura Batalla",
    "peso": "61,5 kg",
    "altura": "1,3 m",
    "especie": "Pokémon Escorpión Ogro",
    "ratioCaptura": 45,
    "habilidadOculta": "Vista Lince",
    "imagen": "https://raw.githubusercontent.com/PokeAPI/sprites/master/sprites/pokemon/other/official-artwork/452.png",
    "atrapado": false
  },
  {
    "id": 453,
    "nombre": "Croagunk",
    "tipo": "Veneno/Lucha",
    "habilidades": "Anticipación",
    "peso": "23,0 kg",
    "altura": "0,7 m",
    "especie": "Pokémon Tóxico",
    "ratioCaptura": 140,
    "habilidadOculta": "Antídoto",
    "imagen": "https://raw.githubusercontent.com/PokeAPI/sprites/master/sprites/pokemon/other/official-artwork/453.png",
    "atrapado": false
  },
  {
    "id": 454,
    "nombre": "Toxicroak",
    "tipo": "Veneno/Lucha",
    "habilidades": "Anticipación",
    "peso": "44,4 kg",
    "altura": "1,3 m",
    "especie": "Pokémon Tóxico",
    "ratioCaptura": 75,
    "habilidadOculta": "Antídoto",
    "imagen": "https://raw.githubusercontent.com/PokeAPI/sprites/master/sprites/pokemon/other/official-artwork/454.png",
    "atrapado": false
  },
  {
    "id": 455,
    "nombre": "Carnivine",
    "tipo": "Planta",
    "habilidades": "Levitación",
    "peso": "27,0 kg",
    "altura": "1,4 m",
    "especie": "Pokémon Bichoinsecto",
    "ratioCaptura": 200,
    "habilidadOculta": "Levitación",
    "imagen": "https://raw.githubusercontent.com/PokeAPI/sprites/master/sprites/pokemon/other/official-artwork/455.png",
    "atrapado": false
  },
  {
    "id": 456,
    "nombre": "Finneon",
    "tipo": "Agua",
    "habilidades": "Nado Rápido",
    "peso": "7,0 kg",
    "altura": "0,4 m",
    "especie": "Pokémon Pez Ala",
    "ratioCaptura": 190,
    "habilidadOculta": "Absorbe Agua",
    "imagen": "https://raw.githubusercontent.com/PokeAPI/sprites/master/sprites/pokemon/other/official-artwork/456.png",
    "atrapado": false
  },
  {
    "id": 457,
    "nombre": "Lumineon",
    "tipo": "Agua",
    "habilidades": "Nado Rápido",
    "peso": "24,0 kg",
    "altura": "1,2 m",
    "especie": "Pokémon Neón",
    "ratioCaptura": 75,
    "habilidadOculta": "Absorbe Agua",
    "imagen": "https://raw.githubusercontent.com/PokeAPI/sprites/master/sprites/pokemon/other/official-artwork/457.png",
    "atrapado": false
  },
  {
    "id": 458,
    "nombre": "Mantyke",
    "tipo": "Agua/Volador",
    "habilidades": "Nado Rápido",
    "peso": "65,0 kg",
    "altura": "1,0 m",
    "especie": "Pokémon Cometa",
    "ratioCaptura": 25,
    "habilidadOculta": "Absorbe Agua",
    "imagen": "https://raw.githubusercontent.com/PokeAPI/sprites/master/sprites/pokemon/other/official-artwork/458.png",
    "atrapado": false
  },
  {
    "id": 459,
    "nombre": "Snover",
    "tipo": "Planta/Hielo",
    "habilidades": "Nevada",
    "peso": "50,5 kg",
    "altura": "1,0 m",
    "especie": "Pokémon Árbol Helado",
    "ratioCaptura": 120,
    "habilidadOculta": "Insonorizar",
    "imagen": "https://raw.githubusercontent.com/PokeAPI/sprites/master/sprites/pokemon/other/official-artwork/459.png",
    "atrapado": false
  },
  {
    "id": 460,
    "nombre": "Abomasnow",
    "tipo": "Planta/Hielo",
    "habilidades": "Nevada",
    "peso": "135,5 kg",
    "altura": "2,2 m",
    "especie": "Pokémon Árbol Helado",
    "ratioCaptura": 60,
    "habilidadOculta": "Insonorizar",
    "imagen": "https://raw.githubusercontent.com/PokeAPI/sprites/master/sprites/pokemon/other/official-artwork/460.png",
    "atrapado": false
  },
  {
    "id": 461,
    "nombre": "Weavile",
    "tipo": "Siniestro/Hielo",
    "habilidades": "Presión",
    "peso": "34,0 kg",
    "altura": "1,1 m",
    "especie": "Pokémon Garra Filo",
    "ratioCaptura": 45,
    "habilidadOculta": "Robo",
    "imagen": "https://raw.githubusercontent.com/PokeAPI/sprites/master/sprites/pokemon/other/official-artwork/461.png",
    "atrapado": false
  },
  {
    "id": 462,
    "nombre": "Magnezone",
    "tipo": "Eléctrico/Acero",
    "habilidades": "Imán",
    "peso": "180,0 kg",
    "altura": "1,2 m",
    "especie": "Pokémon Zona Magnética",
    "ratioCaptura": 30,
    "habilidadOculta": "Análisis",
    "imagen": "https://raw.githubusercontent.com/PokeAPI/sprites/master/sprites/pokemon/other/official-artwork/462.png",
    "atrapado": false
  },
  {
    "id": 463,
    "nombre": "Lickilicky",
    "tipo": "Normal",
    "habilidades": "Despiste",
    "peso": "140,0 kg",
    "altura": "1,7 m",
    "especie": "Pokémon Lametazo",
    "ratioCaptura": 30,
    "habilidadOculta": "Nubosidad",
    "imagen": "https://raw.githubusercontent.com/PokeAPI/sprites/master/sprites/pokemon/other/official-artwork/463.png",
    "atrapado": false
  },
  {
    "id": 464,
    "nombre": "Rhyperior",
    "tipo": "Tierra/Roca",
    "habilidades": "Pararrayos",
    "peso": "282,8 kg",
    "altura": "2,4 m",
    "especie": "Pokémon Taladro",
    "ratioCaptura": 30,
    "habilidadOculta": "Audaz",
    "imagen": "https://raw.githubusercontent.com/PokeAPI/sprites/master/sprites/pokemon/other/official-artwork/464.png",
    "atrapado": false
  },
  {
    "id": 465,
    "nombre": "Tangrowth",
    "tipo": "Planta",
    "habilidades": "Clorofila",
    "peso": "128,6 kg",
    "altura": "2,0 m",
    "especie": "Pokémon Enredadera",
    "ratioCaptura": 30,
    "habilidadOculta": "Regeneración",
    "imagen": "https://raw.githubusercontent.com/PokeAPI/sprites/master/sprites/pokemon/other/official-artwork/465.png",
    "atrapado": false
  },
  {
    "id": 466,
    "nombre": "Electivire",
    "tipo": "Eléctrico",
    "habilidades": "Electromotor",
    "peso": "138,6 kg",
    "altura": "1,8 m",
    "especie": "Pokémon Rayo",
    "ratioCaptura": 30,
    "habilidadOculta": "Espíritu Vital",
    "imagen": "https://raw.githubusercontent.com/PokeAPI/sprites/master/sprites/pokemon/other/official-artwork/466.png",
    "atrapado": false
  },
  {
    "id": 467,
    "nombre": "Magmortar",
    "tipo": "Fuego",
    "habilidades": "Cuerpo Llama",
    "peso": "68,0 kg",
    "altura": "1,6 m",
    "especie": "Pokémon Ráfaga",
    "ratioCaptura": 30,
    "habilidadOculta": "Espíritu Vital",
    "imagen": "https://raw.githubusercontent.com/PokeAPI/sprites/master/sprites/pokemon/other/official-artwork/467.png",
    "atrapado": false
  },
  {
    "id": 468,
    "nombre": "Togekiss",
    "tipo": "Hada/Volador",
    "habilidades": "Entusiasmo",
    "peso": "38,0 kg",
    "altura": "1,5 m",
    "especie": "Pokémon Júbilo",
    "ratioCaptura": 30,
    "habilidadOculta": "Dicha",
    "imagen": "https://raw.githubusercontent.com/PokeAPI/sprites/master/sprites/pokemon/other/official-artwork/468.png",
    "atrapado": false
  },
  {
    "id": 469,
    "nombre": "Yanmega",
    "tipo": "Bicho/Volador",
    "habilidades": "Impulso",
    "peso": "51,5 kg",
    "altura": "1,9 m",
    "especie": "Pokémon Libélula Ogro",
    "ratioCaptura": 30,
    "habilidadOculta": "Entusiasmo",
    "imagen": "https://raw.githubusercontent.com/PokeAPI/sprites/master/sprites/pokemon/other/official-artwork/469.png",
    "atrapado": false
  },
  {
    "id": 470,
    "nombre": "Leafeon",
    "tipo": "Planta",
    "habilidades": "Defensa Hoja",
    "peso": "25,5 kg",
    "altura": "1,0 m",
    "especie": "Pokémon Verdor",
    "ratioCaptura": 45,
    "habilidadOculta": "Clorofila",
    "imagen": "https://raw.githubusercontent.com/PokeAPI/sprites/master/sprites/pokemon/other/official-artwork/470.png",
    "atrapado": false
  },
  {
    "id": 471,
    "nombre": "Glaceon",
    "tipo": "Hielo",
    "habilidades": "Manto Níveo",
    "peso": "25,9 kg",
    "altura": "0,8 m",
    "especie": "Pokémon Nieve Fresca",
    "ratioCaptura": 45,
    "habilidadOculta": "Cuerpo Hielo",
    "imagen": "https://raw.githubusercontent.com/PokeAPI/sprites/master/sprites/pokemon/other/official-artwork/471.png",
    "atrapado": false
  },
  {
    "id": 472,
    "nombre": "Gliscor",
    "tipo": "Tierra/Volador",
    "habilidades": "Hiper Corte",
    "peso": "42,5 kg",
    "altura": "2,0 m",
    "especie": "Pokémon Escorpión Colmillo",
    "ratioCaptura": 30,
    "habilidadOculta": "Antídoto",
    "imagen": "https://raw.githubusercontent.com/PokeAPI/sprites/master/sprites/pokemon/other/official-artwork/472.png",
    "atrapado": false
  },
  {
    "id": 473,
    "nombre": "Mamoswine",
    "tipo": "Hielo/Tierra",
    "habilidades": "Despiste",
    "peso": "291,0 kg",
    "altura": "2,5 m",
    "especie": "Pokémon Colmillos Duales",
    "ratioCaptura": 50,
    "habilidadOculta": "Sebo",
    "imagen": "https://raw.githubusercontent.com/PokeAPI/sprites/master/sprites/pokemon/other/official-artwork/473.png",
    "atrapado": false
  },
  {
    "id": 474,
    "nombre": "Porygon-Z",
    "tipo": "Normal",
    "habilidades": "Adaptable",
    "peso": "34,0 kg",
    "altura": "0,9 m",
    "especie": "Pokémon Virtual",
    "ratioCaptura": 30,
    "habilidadOculta": "Análisis",
    "imagen": "https://raw.githubusercontent.com/PokeAPI/sprites/master/sprites/pokemon/other/official-artwork/474.png",
    "atrapado": false
  },
  {
    "id": 475,
    "nombre": "Gallade",
    "tipo": "Psíquico/Lucha",
    "habilidades": "Impasible",
    "peso": "52,0 kg",
    "altura": "1,6 m",
    "especie": "Pokémon Cuchilla",
    "ratioCaptura": 45,
    "habilidadOculta": "Justiciero",
    "imagen": "https://raw.githubusercontent.com/PokeAPI/sprites/master/sprites/pokemon/other/official-artwork/475.png",
    "atrapado": false
  },
  {
    "id": 476,
    "nombre": "Probopass",
    "tipo": "Roca/Acero",
    "habilidades": "Robustez",
    "peso": "340,0 kg",
    "altura": "1,4 m",
    "especie": "Pokémon Brújula",
    "ratioCaptura": 60,
    "habilidadOculta": "Poder Arena",
    "imagen": "https://raw.githubusercontent.com/PokeAPI/sprites/master/sprites/pokemon/other/official-artwork/476.png",
    "atrapado": false
  },
  {
    "id": 477,
    "nombre": "Dusknoir",
    "tipo": "Fantasma",
    "habilidades": "Presión",
    "peso": "106,6 kg",
    "altura": "2,2 m",
    "especie": "Pokémon Apresar",
    "ratioCaptura": 45,
    "habilidadOculta": "Entusiasmo",
    "imagen": "https://raw.githubusercontent.com/PokeAPI/sprites/master/sprites/pokemon/other/official-artwork/477.png",
    "atrapado": false
  },
  {
    "id": 478,
    "nombre": "Froslass",
    "tipo": "Hielo/Fantasma",
    "habilidades": "Manto Níveo",
    "peso": "26,6 kg",
    "altura": "1,3 m",
    "especie": "Pokémon Tierra Nevada",
    "ratioCaptura": 75,
    "habilidadOculta": "Maldición",
    "imagen": "https://raw.githubusercontent.com/PokeAPI/sprites/master/sprites/pokemon/other/official-artwork/478.png",
    "atrapado": false
  },
  {
    "id": 479,
    "nombre": "Rotom",
    "tipo": "Eléctrico/Fantasma",
    "habilidades": "Levitación",
    "peso": "0,3 kg",
    "altura": "0,3 m",
    "especie": "Pokémon Plasma",
    "ratioCaptura": 45,
    "habilidadOculta": "Levitación",
    "imagen": "https://raw.githubusercontent.com/PokeAPI/sprites/master/sprites/pokemon/other/official-artwork/479.png",
    "atrapado": false
  },
  {
    "id": 480,
    "nombre": "Uxie",
    "tipo": "Psíquico",
    "habilidades": "Levitación",
    "peso": "0,3 kg",
    "altura": "0,3 m",
    "especie": "Pokémon Conocimiento",
    "ratioCaptura": 3,
    "habilidadOculta": "Levitación",
    "imagen": "https://raw.githubusercontent.com/PokeAPI/sprites/master/sprites/pokemon/other/official-artwork/480.png",
    "atrapado": false
  },
  {
    "id": 481,
    "nombre": "Mesprit",
    "tipo": "Psíquico",
    "habilidades": "Levitación",
    "peso": "0,3 kg",
    "altura": "0,3 m",
    "especie": "Pokémon Emoción",
    "ratioCaptura": 3,
    "habilidadOculta": "Levitación",
    "imagen": "https://raw.githubusercontent.com/PokeAPI/sprites/master/sprites/pokemon/other/official-artwork/481.png",
    "atrapado": false
  },
  {
    "id": 482,
    "nombre": "Azelf",
    "tipo": "Psíquico",
    "habilidades": "Levitación",
    "peso": "0,3 kg",
    "altura": "0,3 m",
    "especie": "Pokémon Voluntad",
    "ratioCaptura": 3,
    "habilidadOculta": "Levitación",
    "imagen": "https://raw.githubusercontent.com/PokeAPI/sprites/master/sprites/pokemon/other/official-artwork/482.png",
    "atrapado": false
  },
  {
    "id": 483,
    "nombre": "Dialga",
    "tipo": "Acero/Dragón",
    "habilidades": "Presión",
    "peso": "683,0 kg",
    "altura": "5,4 m",
    "especie": "Pokémon Temporal",
    "ratioCaptura": 3,
    "habilidadOculta": "Telepático",
    "imagen": "https://raw.githubusercontent.com/PokeAPI/sprites/master/sprites/pokemon/other/official-artwork/483.png",
    "atrapado": false
  }
]