[
  {
    "id": 1,
    "nombre": "Bulbasaur",
    "tipo": "Planta/Veneno",
    "habilidades": "Espesura",
    "peso": "6,9 kg",
    "altura": "0,7 m",
    "especie": "Pokémon Semilla",
    "ratioCaptura": 45,
    "habilidadOculta": "Clorofila",
    "imagen": "https://raw.githubusercontent.com/PokeAPI/sprites/master/sprites/pokemon/other/official-artwork/1.png",
    "atrapado": false
  },
  {
    "id": 2,
    "nombre": "Ivysaur",
    "tipo": "Planta/Veneno",
    "habilidades": "Espesura",
    "peso": "13,0 kg",
    "altura": "1,0 m",
    "especie": "Pokémon Semilla",
    "ratioCaptura": 45,
    "habilidadOculta": "Clorofila",
    "imagen": "https://raw.githubusercontent.com/PokeAPI/sprites/master/sprites/pokemon/other/official-artwork/2.png",
    "atrapado": false
  },
  {
    "id": 3,
    "nombre": "Venusaur",
    "tipo": "Planta/Veneno",
    "habilidades": "Espesura",
    "peso": "100,0 kg",
    "altura": "2,0 m",
    "especie": "Pokémon Semilla",
    "ratioCaptura": 45,
    "habilidadOculta": "Clorofila",
    "imagen": "https://raw.githubusercontent.com/PokeAPI/sprites/master/sprites/pokemon/other/official-artwork/3.png",
    "atrapado": false
  },
  {
    "id": 4,
    "nombre": "Charmander",
    "tipo": "Fuego",
    "habilidades": "Mar Llamas",
    "peso": "8,5 kg",
    "altura": "0,6 m",
    "especie": "Pokémon Lagartija",
    "ratioCaptura": 45,
    "habilidadOculta": "Poder Solar",
    "imagen": "https://raw.githubusercontent.com/PokeAPI/sprites/master/sprites/pokemon/other/official-artwork/4.png",
    "atrapado": false
  },
  {
    "id": 5,
    "nombre": "Charmeleon",
    "tipo": "Fuego",
    "habilidades": "Mar Llamas",
    "peso": "19,0 kg",
    "altura": "1,1 m",
    "especie": "Pokémon Llama",
    "ratioCaptura": 45,
    "habilidadOculta": "Poder Solar",
    "imagen": "https://raw.githubusercontent.com/PokeAPI/sprites/master/sprites/pokemon/other/official-artwork/5.png",
    "atrapado": false
  },
  {
    "id": 6,
    "nombre": "Charizard",
    "tipo": "Fuego/Volador",
    "habilidades": "Mar Llamas",
    "peso": "90,5 kg",
    "altura": "1,7 m",
    "especie": "Pokémon Llama",
    "ratioCaptura": 45,
    "habilidadOculta": "Poder Solar",
    "imagen": "https://raw.githubusercontent.com/PokeAPI/sprites/master/sprites/pokemon/other/official-artwork/6.png",
    "atrapado": false
  },
  {
    "id": 7,
    "nombre": "Squirtle",
    "tipo": "Agua",
    "habilidades": "Torrente",
    "peso": "9,0 kg",
    "altura": "0,5 m",
    "especie": "Pokémon Tortuguita",
    "ratioCaptura": 45,
    "habilidadOculta": "Lluvia",
    "imagen": "https://raw.githubusercontent.com/PokeAPI/sprites/master/sprites/pokemon/other/official-artwork/7.png",
    "atrapado": false
  },
  {
    "id": 8,
    "nombre": "Wartortle",
    "tipo": "Agua",
    "habilidades": "Torrente",
    "peso": "22,5 kg",
    "altura": "1,0 m",
    "especie": "Pokémon Tortuga",
    "ratioCaptura": 45,
    "habilidadOculta": "Lluvia",
    "imagen": "https://raw.githubusercontent.com/PokeAPI/sprites/master/sprites/pokemon/other/official-artwork/8.png",
    "atrapado": false
  },
  {
    "id": 9,
    "nombre": "Blastoise",
    "tipo": "Agua",
    "habilidades": "Torrente",
    "peso": "85,5 kg",
    "altura": "1,6 m",
    "especie": "Pokémon Caparazón",
    "ratioCaptura": 45,
    "habilidadOculta": "Lluvia",
    "imagen": "https://raw.githubusercontent.com/PokeAPI/sprites/master/sprites/pokemon/other/official-artwork/9.png",
    "atrapado": false
  },
  {
    "id": 10,
    "nombre": "Caterpie",
    "tipo": "Bicho",
    "habilidades": "Polvo Escudo",
    "peso": "2,9 kg",
    "altura": "0,3 m",
    "especie": "Pokémon Gusano",
    "ratioCaptura": 255,
    "habilidadOculta": "Fuga",
    "imagen": "https://raw.githubusercontent.com/PokeAPI/sprites/master/sprites/pokemon/other/official-artwork/10.png",
    "atrapado": false
  },
  {
    "id": 11,
    "nombre": "Metapod",
    "tipo": "Bicho",
    "habilidades": "Mudar",
    "peso": "9,9 kg",
    "altura": "0,7 m",
    "especie": "Pokémon Capullo",
    "ratioCaptura": 120,
    "habilidadOculta": "Mudar",
    "imagen": "https://raw.githubusercontent.com/PokeAPI/sprites/master/sprites/pokemon/other/official-artwork/11.png",
    "atrapado": false
  },
  {
    "id": 12,
    "nombre": "Butterfree",
    "tipo": "Bicho/Volador",
    "habilidades": "Ojo Compuesto",
    "peso": "32,0 kg",
    "altura": "1,1 m",
    "especie": "Pokémon Mariposa",
    "ratioCaptura": 45,
    "habilidadOculta": "Cromolente",
    "imagen": "https://raw.githubusercontent.com/PokeAPI/sprites/master/sprites/pokemon/other/official-artwork/12.png",
    "atrapado": false
  },
  {
    "id": 13,
    "nombre": "Weedle",
    "tipo": "Bicho/Veneno",
    "habilidades": "Polvo Escudo",
    "peso": "3,2 kg",
    "altura": "0,3 m",
    "especie": "Pokémon Oruga",
    "ratioCaptura": 255,
    "habilidadOculta": "Fuga",
    "imagen": "https://raw.githubusercontent.com/PokeAPI/sprites/master/sprites/pokemon/other/official-artwork/13.png",
    "atrapado": false
  },
  {
    "id": 14,
    "nombre": "Kakuna",
    "tipo": "Bicho/Veneno",
    "habilidades": "Mudar",
    "peso": "10,0 kg",
    "altura": "0,6 m",
    "especie": "Pokémon Capullo",
    "ratioCaptura": 120,
    "habilidadOculta": "Mudar",
    "imagen": "https://raw.githubusercontent.com/PokeAPI/sprites/master/sprites/pokemon/other/official-artwork/14.png",
    "atrapado": false
  },
  {
    "id": 15,
    "nombre": "Beedrill",
    "tipo": "Bicho/Veneno",
    "habilidades": "Enjambre",
    "peso": "29,5 kg",
    "altura": "1,0 m",
    "especie": "Pokémon Abeja Venenosa",
    "ratioCaptura": 45,
    "habilidadOculta": "Francotirador",
    "imagen": "https://raw.githubusercontent.com/PokeAPI/sprites/master/sprites/pokemon/other/official-artwork/15.png",
    "atrapado": false
  },
  {
    "id": 16,
    "nombre": "Pidgey",
    "tipo": "Normal/Volador",
    "habilidades": "Vista Lince",
    "peso": "1,8 kg",
    "altura": "0,3 m",
    "especie": "Pokémon Pajarito",
    "ratioCaptura": 255,
    "habilidadOculta": "Cabeza Grande",
    "imagen": "https://raw.githubusercontent.com/PokeAPI/sprites/master/sprites/pokemon/other/official-artwork/16.png",
    "atrapado": false
  },
  {
    "id": 17,
    "nombre": "Pidgeotto",
    "tipo": "Normal/Volador",
    "habilidades": "Vista Lince",
    "peso": "30,0 kg",
    "altura": "1,1 m",
    "especie": "Pokémon Pájaro",
    "ratioCaptura": 120,
    "habilidadOculta": "Cabeza Grande",
    "imagen": "https://raw.githubusercontent.com/PokeAPI/sprites/master/sprites/pokemon/other/official-artwork/17.png",
    "atrapado": false
  },
  {
    "id": 18,
    "nombre": "Pidgeot",
    "tipo": "Normal/Volador",
    "habilidades": "Vista Lince",
    "peso": "39,5 kg",
    "altura": "1,5 m",
    "especie": "Pokémon Pájaro",
    "ratioCaptura": 45,
    "habilidadOculta": "Cabeza Grande",
    "imagen": "https://raw.githubusercontent.com/PokeAPI/sprites/master/sprites/pokemon/other/official-artwork/18.png",
    "atrapado": false
  },
  {
    "id": 19,
    "nombre": "Rattata",
    "tipo": "Normal",
    "habilidades": "Fuga",
    "peso": "3,5 kg",
    "altura": "0,3 m",
    "especie": "Pokémon Ratón",
    "ratioCaptura": 255,
    "habilidadOculta": "Entusiasmo",
    "imagen": "https://raw.githubusercontent.com/PokeAPI/sprites/master/sprites/pokemon/other/official-artwork/19.png",
    "atrapado": false
  },
  {
    "id": 20,
    "nombre": "Raticate",
    "tipo": "Normal",
    "habilidades": "Fuga",
    "peso": "18,5 kg",
    "altura": "0,7 m",
    "especie": "Pokémon Ratón",
    "ratioCaptura": 127,
    "habilidadOculta": "Entusiasmo",
    "imagen": "https://raw.githubusercontent.com/PokeAPI/sprites/master/sprites/pokemon/other/official-artwork/20.png",
    "atrapado": false
  },
  {
    "id": 21,
    "nombre": "Spearow",
    "tipo": "Normal/Volador",
    "habilidades": "Vista Lince",
    "peso": "2,0 kg",
    "altura": "0,3 m",
    "especie": "Pokémon Pajarito",
    "ratioCaptura": 255,
    "habilidadOculta": "Francotirador",
    "imagen": "https://raw.githubusercontent.com/PokeAPI/sprites/master/sprites/pokemon/other/official-artwork/21.png",
    "atrapado": false
  },
  {
    "id": 22,
    "nombre": "Fearow",
    "tipo": "Normal/Volador",
    "habilidades": "Vista Lince",
    "peso": "38,0 kg",
    "altura": "1,2 m",
    "especie": "Pokémon Pico",
    "ratioCaptura": 90,
    "habilidadOculta": "Francotirador",
    "imagen": "https://raw.githubusercontent.com/PokeAPI/sprites/master/sprites/pokemon/other/official-artwork/22.png",
    "atrapado": false
  },
  {
    "id": 23,
    "nombre": "Ekans",
    "tipo": "Veneno",
    "habilidades": "Intimidación",
    "peso": "6,9 kg",
    "altura": "2,0 m",
    "especie": "Pokémon Serpiente",
    "ratioCaptura": 255,
    "habilidadOculta": "Nerviosismo",
    "imagen": "https://raw.githubusercontent.com/PokeAPI/sprites/master/sprites/pokemon/other/official-artwork/23.png",
    "atrapado": false
  },
  {
    "id": 24,
    "nombre": "Arbok",
    "tipo": "Veneno",
    "habilidades": "Intimidación",
    "peso": "65,0 kg",
    "altura": "3,5 m",
    "especie": "Pokémon Cobra",
    "ratioCaptura": 90,
    "habilidadOculta": "Nerviosismo",
    "imagen": "https://raw.githubusercontent.com/PokeAPI/sprites/master/sprites/pokemon/other/official-artwork/24.png",
    "atrapado": false
  },
  {
    "id": 25,
    "nombre": "Pikachu",
    "tipo": "Eléctrico",
    "habilidades": "Electricidad Estática",
    "peso": "6,0 kg",
    "altura": "0,4 m",
    "especie": "Pokémon Ratón",
    "ratioCaptura": 190,
    "habilidadOculta": "Pararrayos",
    "imagen": "https://raw.githubusercontent.com/PokeAPI/sprites/master/sprites/pokemon/other/official-artwork/25.png",
    "atrapado": false
  },
  {
    "id": 26,
    "nombre": "Raichu",
    "tipo": "Eléctrico",
    "habilidades": "Electricidad Estática",
    "peso": "30,0 kg",
    "altura": "0,8 m",
    "especie": "Pokémon Ratón",
    "ratioCaptura": 75,
    "habilidadOculta": "Pararrayos",
    "imagen": "https://raw.githubusercontent.com/PokeAPI/sprites/master/sprites/pokemon/other/official-artwork/26.png",
    "atrapado": false
  },
  {
    "id": 27,
    "nombre": "Sandshrew",
    "tipo": "Tierra",
    "habilidades": "Velo Arena",
    "peso": "12,0 kg",
    "altura": "0,6 m",
    "especie": "Pokémon Ratón",
    "ratioCaptura": 255,
    "habilidadOculta": "Ímpetu Arena",
    "imagen": "https://raw.githubusercontent.com/PokeAPI/sprites/master/sprites/pokemon/other/official-artwork/27.png",
    "atrapado": false
  },
  {
    "id": 28,
    "nombre": "Sandslash",
    "tipo": "Tierra",
    "habilidades": "Velo Arena",
    "peso": "29,5 kg",
    "altura": "1,0 m",
    "especie": "Pokémon Ratón",
    "ratioCaptura": 90,
    "habilidadOculta": "Ímpetu Arena",
    "imagen": "https://raw.githubusercontent.com/PokeAPI/sprites/master/sprites/pokemon/other/official-artwork/28.png",
    "atrapado": false
  },
  {
    "id": 29,
    "nombre": "Nidoran♀",
    "tipo": "Veneno",
    "habilidades": "Punto Tóxico",
    "peso": "7,0 kg",
    "altura": "0,4 m",
    "especie": "Pokémon Pin Veneno",
    "ratioCaptura": 235,
    "habilidadOculta": "Entusiasmo",
    "imagen": "https://raw.githubusercontent.com/PokeAPI/sprites/master/sprites/pokemon/other/official-artwork/29.png",
    "atrapado": false
  },
  {
    "id": 30,
    "nombre": "Nidorina",
    "tipo": "Veneno",
    "habilidades": "Punto Tóxico",
    "peso": "20,0 kg",
    "altura": "0,8 m",
    "especie": "Pokémon Pin Veneno",
    "ratioCaptura": 120,
    "habilidadOculta": "Entusiasmo",
    "imagen": "https://raw.githubusercontent.com/PokeAPI/sprites/master/sprites/pokemon/other/official-artwork/30.png",
    "atrapado": false
  },
  {
    "id": 31,
    "nombre": "Nidoqueen",
    "tipo": "Veneno/Tierra",
    "habilidades": "Punto Tóxico",
    "peso": "60,0 kg",
    "altura": "1,3 m",
    "especie": "Pokémon Taladro",
    "ratioCaptura": 45,
    "habilidadOculta": "Fuerza Bruta",
    "imagen": "https://raw.githubusercontent.com/PokeAPI/sprites/master/sprites/pokemon/other/official-artwork/31.png",
    "atrapado": false
  },
  {
    "id": 32,
    "nombre": "Nidoran♂",
    "tipo": "Veneno",
    "habilidades": "Punto Tóxico",
    "peso": "9,0 kg",
    "altura": "0,5 m",
    "especie": "Pokémon Pin Veneno",
    "ratioCaptura": 235,
    "habilidadOculta": "Entusiasmo",
    "imagen": "https://raw.githubusercontent.com/PokeAPI/sprites/master/sprites/pokemon/other/official-artwork/32.png",
    "atrapado": false
  },
  {
    "id": 33,
    "nombre": "Nidorino",
    "tipo": "Veneno",
    "habilidades": "Punto Tóxico",
    "peso": "19,5 kg",
    "altura": "0,9 m",
    "especie": "Pokémon Pin Veneno",
    "ratioCaptura": 120,
    "habilidadOculta": "Entusiasmo",
    "imagen": "https://raw.githubusercontent.com/PokeAPI/sprites/master/sprites/pokemon/other/official-artwork/33.png",
    "atrapado": false
  },
  {
    "id": 34,
    "nombre": "Nidoking",
    "tipo": "Veneno/Tierra",
    "habilidades": "Punto Tóxico",
    "peso": "62,0 kg",
    "altura": "1,4 m",
    "especie": "Pokémon Taladro",
    "ratioCaptura": 45,
    "habilidadOculta": "Fuerza Bruta",
    "imagen": "https://raw.githubusercontent.com/PokeAPI/sprites/master/sprites/pokemon/other/official-artwork/34.png",
    "atrapado": false
  },
  {
    "id": 35,
    "nombre": "Clefairy",
    "tipo": "Hada",
    "habilidades": "Gran Encanto",
    "peso": "7,5 kg",
    "altura": "0,6 m",
    "especie": "Pokémon Hada",
    "ratioCaptura": 150,
    "habilidadOculta": "Amigo Fiel",
    "imagen": "https://raw.githubusercontent.com/PokeAPI/sprites/master/sprites/pokemon/other/official-artwork/35.png",
    "atrapado": false
  },
  {
    "id": 36,
    "nombre": "Clefable",
    "tipo": "Hada",
    "habilidades": "Gran Encanto",
    "peso": "40,0 kg",
    "altura": "1,3 m",
    "especie": "Pokémon Hada",
    "ratioCaptura": 25,
    "habilidadOculta": "Ignorante",
    "imagen": "https://raw.githubusercontent.com/PokeAPI/sprites/master/sprites/pokemon/other/official-artwork/36.png",
    "atrapado": false
  },
  {
    "id": 37,
    "nombre": "Vulpix",
    "tipo": "Fuego",
    "habilidades": "Absorbe Fuego",
    "peso": "9,9 kg",
    "altura": "0,6 m",
    "especie": "Pokémon Zorro",
    "ratioCaptura": 190,
    "habilidadOculta": "Sequía",
    "imagen": "https://raw.githubusercontent.com/PokeAPI/sprites/master/sprites/pokemon/other/official-artwork/37.png",
    "atrapado": false
  },
  {
    "id": 38,
    "nombre": "Ninetales",
    "tipo": "Fuego",
    "habilidades": "Absorbe Fuego",
    "peso": "19,9 kg",
    "altura": "1,1 m",
    "especie": "Pokémon Zorro",
    "ratioCaptura": 75,
    "habilidadOculta": "Sequía",
    "imagen": "https://raw.githubusercontent.com/PokeAPI/sprites/master/sprites/pokemon/other/official-artwork/38.png",
    "atrapado": false
  },
  {
    "id": 39,
    "nombre": "Jigglypuff",
    "tipo": "Normal/Hada",
    "habilidades": "Gran Encanto",
    "peso": "5,5 kg",
    "altura": "0,5 m",
    "especie": "Pokémon Globo",
    "ratioCaptura": 170,
    "habilidadOculta": "Entusiasmo",
    "imagen": "https://raw.githubusercontent.com/PokeAPI/sprites/master/sprites/pokemon/other/official-artwork/39.png",
    "atrapado": false
  },
  {
    "id": 40,
    "nombre": "Wigglytuff",
    "tipo": "Normal/Hada",
    "habilidades": "Gran Encanto",
    "peso": "12,0 kg",
    "altura": "1,0 m",
    "especie": "Pokémon Globo",
    "ratioCaptura": 50,
    "habilidadOculta": "Entusiasmo",
    "imagen": "https://raw.githubusercontent.com/PokeAPI/sprites/master/sprites/pokemon/other/official-artwork/40.png",
    "atrapado": false
  },
  {
    "id": 41,
    "nombre": "Zubat",
    "tipo": "Veneno/Volador",
    "habilidades": "Foco Interno",
    "peso": "7,5 kg",
    "altura": "0,8 m",
    "especie": "Pokémon Murciélago",
    "ratioCaptura": 255,
    "habilidadOculta": "Allanamiento",
    "imagen": "https://raw.githubusercontent.com/PokeAPI/sprites/master/sprites/pokemon/other/official-artwork/41.png",
    "atrapado": false
  },
  {
    "id": 42,
    "nombre": "Golbat",
    "tipo": "Veneno/Volador",
    "habilidades": "Foco Interno",
    "peso": "55,0 kg",
    "altura": "1,6 m",
    "especie": "Pokémon Murciélago",
    "ratioCaptura": 90,
    "habilidadOculta": "Allanamiento",
    "imagen": "https://raw.githubusercontent.com/PokeAPI/sprites/master/sprites/pokemon/other/official-artwork/42.png",
    "atrapado": false
  },
  {
    "id": 43,
    "nombre": "Oddish",
    "tipo": "Planta/Veneno",
    "habilidades": "Clorofila",
    "peso": "5,4 kg",
    "altura": "0,5 m",
    "especie": "Pokémon Hierbajo",
    "ratioCaptura": 255,
    "habilidadOculta": "Fuga",
    "imagen": "https://raw.githubusercontent.com/PokeAPI/sprites/master/sprites/pokemon/other/official-artwork/43.png",
    "atrapado": false
  },
  {
    "id": 44,
    "nombre": "Gloom",
    "tipo": "Planta/Veneno",
    "habilidades": "Clorofila",
    "peso": "8,6 kg",
    "altura": "0,8 m",
    "especie": "Pokémon Hierbajo",
    "ratioCaptura": 120,
    "habilidadOculta": "Hedor",
    "imagen": "https://raw.githubusercontent.com/PokeAPI/sprites/master/sprites/pokemon/other/official-artwork/44.png",
    "atrapado": false
  },
  {
    "id": 45,
    "nombre": "Vileplume",
    "tipo": "Planta/Veneno",
    "habilidades": "Clorofila",
    "peso": "18,6 kg",
    "altura": "1,2 m",
    "especie": "Pokémon Flor",
    "ratioCaptura": 45,
    "habilidadOculta": "Defensa Hoja",
    "imagen": "https://raw.githubusercontent.com/PokeAPI/sprites/master/sprites/pokemon/other/official-artwork/45.png",
    "atrapado": false
  },
  {
    "id": 46,
    "nombre": "Paras",
    "tipo": "Bicho/Planta",
    "habilidades": "Efecto Espora",
    "peso": "5,4 kg",
    "altura": "0,3 m",
    "especie": "Pokémon Hongo",
    "ratioCaptura": 190,
    "habilidadOculta": "Humedad",
    "imagen": "https://raw.githubusercontent.com/PokeAPI/sprites/master/sprites/pokemon/other/official-artwork/46.png",
    "atrapado": false
  },
  {
    "id": 47,
    "nombre": "Parasect",
    "tipo": "Bicho/Planta",
    "habilidades": "Efecto Espora",
    "peso": "29,5 kg",
    "altura": "1,0 m",
    "especie": "Pokémon Hongo",
    "ratioCaptura": 75,
    "habilidadOculta": "Humedad",
    "imagen": "https://raw.githubusercontent.com/PokeAPI/sprites/master/sprites/pokemon/other/official-artwork/47.png",
    "atrapado": false
  },
  {
    "id": 48,
    "nombre": "Venonat",
    "tipo": "Bicho/Veneno",
    "habilidades": "Ojo Compuesto",
    "peso": "30,0 kg",
    "altura": "1,0 m",
    "especie": "Pokémon Insecto",
    "ratioCaptura": 190,
    "habilidadOculta": "Fuga",
    "imagen": "https://raw.githubusercontent.com/PokeAPI/sprites/master/sprites/pokemon/other/official-artwork/48.png",
    "atrapado": false
  },
  {
    "id": 49,
    "nombre": "Venomoth",
    "tipo": "Bicho/Veneno",
    "habilidades": "Polvo Escudo",
    "peso": "12,5 kg",
    "altura": "1,5 m",
    "especie": "Pokémon Polilla Venenosa",
    "ratioCaptura": 75,
    "habilidadOculta": "Cromolente",
    "imagen": "https://raw.githubusercontent.com/PokeAPI/sprites/master/sprites/pokemon/other/official-artwork/49.png",
    "atrapado": false
  },
  {
    "id": 50,
    "nombre": "Diglett",
    "tipo": "Tierra",
    "habilidades": "Velo Arena",
    "peso": "0,8 kg",
    "altura": "0,2 m",
    "especie": "Pokémon Topo",
    "ratioCaptura": 255,
    "habilidadOculta": "Poder Arena",
    "imagen": "https://raw.githubusercontent.com/PokeAPI/sprites/master/sprites/pokemon/other/official-artwork/50.png",
    "atrapado": false
  },
  {
    "id": 51,
    "nombre": "Dugtrio",
    "tipo": "Tierra",
    "habilidades": "Velo Arena",
    "peso": "33,3 kg",
    "altura": "0,7 m",
    "especie": "Pokémon Topo",
    "ratioCaptura": 50,
    "habilidadOculta": "Poder Arena",
    "imagen": "https://raw.githubusercontent.com/PokeAPI/sprites/master/sprites/pokemon/other/official-artwork/51.png",
    "atrapado": false
  },
  {
    "id": 52,
    "nombre": "Meowth",
    "tipo": "Normal",
    "habilidades": "Recogida",
    "peso": "4,2 kg",
    "altura": "0,4 m",
    "especie": "Pokémon Gato Araña",
    "ratioCaptura": 255,
    "habilidadOculta": "Nerviosismo",
    "imagen": "https://raw.githubusercontent.com/PokeAPI/sprites/master/sprites/pokemon/other/official-artwork/52.png",
    "atrapado": false
  },
  {
    "id": 53,
    "nombre": "Persian",
    "tipo": "Normal",
    "habilidades": "Flexibilidad",
    "peso": "32,0 kg",
    "altura": "1,0 m",
    "especie": "Pokémon Gato Fino",
    "ratioCaptura": 90,
    "habilidadOculta": "Nerviosismo",
    "imagen": "https://raw.githubusercontent.com/PokeAPI/sprites/master/sprites/pokemon/other/official-artwork/53.png",
    "atrapado": false
  },
  {
    "id": 54,
    "nombre": "Psyduck",
    "tipo": "Agua",
    "habilidades": "Humedad",
    "peso": "19,6 kg",
    "altura": "0,8 m",
    "especie": "Pokémon Pato",
    "ratioCaptura": 190,
    "habilidadOculta": "Nado Rápido",
    "imagen": "https://raw.githubusercontent.com/PokeAPI/sprites/master/sprites/pokemon/other/official-artwork/54.png",
    "atrapado": false
  },
  {
    "id": 55,
    "nombre": "Golduck",
    "tipo": "Agua",
    "habilidades": "Humedad",
    "peso": "76,6 kg",
    "altura": "1,7 m",
    "especie": "Pokémon Pato",
    "ratioCaptura": 75,
    "habilidadOculta": "Nado Rápido",
    "imagen": "https://raw.githubusercontent.com/PokeAPI/sprites/master/sprites/pokemon/other/official-artwork/55.png",
    "atrapado": false
  },
  {
    "id": 56,
    "nombre": "Mankey",
    "tipo": "Lucha",
    "habilidades": "Espíritu Vital",
    "peso": "28,0 kg",
    "altura": "0,5 m",
    "especie": "Pokémon Cerdo Mono",
    "ratioCaptura": 190,
    "habilidadOculta": "Irascible",
    "imagen": "https://raw.githubusercontent.com/PokeAPI/sprites/master/sprites/pokemon/other/official-artwork/56.png",
    "atrapado": false
  },
  {
    "id": 57,
    "nombre": "Primeape",
    "tipo": "Lucha",
    "habilidades": "Espíritu Vital",
    "peso": "32,0 kg",
    "altura": "1,0 m",
    "especie": "Pokémon Cerdo Mono",
    "ratioCaptura": 75,
    "habilidadOculta": "Irascible",
    "imagen": "https://raw.githubusercontent.com/PokeAPI/sprites/master/sprites/pokemon/other/official-artwork/57.png",
    "atrapado": false
  },
  {
    "id": 58,
    "nombre": "Growlithe",
    "tipo": "Fuego",
    "habilidades": "Intimidación",
    "peso": "19,0 kg",
    "altura": "0,7 m",
    "especie": "Pokémon Perrito",
    "ratioCaptura": 190,
    "habilidadOculta": "Justiciero",
    "imagen": "https://raw.githubusercontent.com/PokeAPI/sprites/master/sprites/pokemon/other/official-artwork/58.png",
    "atrapado": false
  },
  {
    "id": 59,
    "nombre": "Arcanine",
    "tipo": "Fuego",
    "habilidades": "Intimidación",
    "peso": "155,0 kg",
    "altura": "1,9 m",
    "especie": "Pokémon Legendario",
    "ratioCaptura": 75,
    "habilidadOculta": "Justiciero",
    "imagen": "https://raw.githubusercontent.com/PokeAPI/sprites/master/sprites/pokemon/other/official-artwork/59.png",
    "atrapado": false
  },
  {
    "id": 60,
    "nombre": "Poliwag",
    "tipo": "Agua",
    "habilidades": "Absorbe Agua",
    "peso": "12,4 kg",
    "altura": "0,6 m",
    "especie": "Pokémon Renacuajo",
    "ratioCaptura": 255,
    "habilidadOculta": "Nado Rápido",
    "imagen": "https://raw.githubusercontent.com/PokeAPI/sprites/master/sprites/pokemon/other/official-artwork/60.png",
    "atrapado": false
  },
  {
    "id": 61,
    "nombre": "Poliwhirl",
    "tipo": "Agua",
    "habilidades": "Absorbe Agua",
    "peso": "20,0 kg",
    "altura": "1,0 m",
    "especie": "Pokémon Renacuajo",
    "ratioCaptura": 120,
    "habilidadOculta": "Nado Rápido",
    "imagen": "https://raw.githubusercontent.com/PokeAPI/sprites/master/sprites/pokemon/other/official-artwork/61.png",
    "atrapado": false
  },
  {
    "id": 62,
    "nombre": "Poliwrath",
    "tipo": "Agua/Lucha",
    "habilidades": "Absorbe Agua",
    "peso": "54,0 kg",
    "altura": "1,3 m",
    "especie": "Pokémon Renacuajo",
    "ratioCaptura": 45,
    "habilidadOculta": "Nado Rápido",
    "imagen": "https://raw.githubusercontent.com/PokeAPI/sprites/master/sprites/pokemon/other/official-artwork/62.png",
    "atrapado": false
  },
  {
    "id": 63,
    "nombre": "Abra",
    "tipo": "Psíquico",
    "habilidades": "Sincronía",
    "peso": "19,5 kg",
    "altura": "0,9 m",
    "especie": "Pokémon Psi",
    "ratioCaptura": 200,
    "habilidadOculta": "Fuga Mágica",
    "imagen": "https://raw.githubusercontent.com/PokeAPI/sprites/master/sprites/pokemon/other/official-artwork/63.png",
    "atrapado": false
  },
  {
    "id": 64,
    "nombre": "Kadabra",
    "tipo": "Psíquico",
    "habilidades": "Sincronía",
    "peso": "56,5 kg",
    "altura": "1,3 m",
    "especie": "Pokémon Psi",
    "ratioCaptura": 100,
    "habilidadOculta": "Fuga Mágica",
    "imagen": "https://raw.githubusercontent.com/PokeAPI/sprites/master/sprites/pokemon/other/official-artwork/64.png",
    "atrapado": false
  },
  {
    "id": 65,
    "nombre": "Alakazam",
    "tipo": "Psíquico",
    "habilidades": "Sincronía",
    "peso": "48,0 kg",
    "altura": "1,5 m",
    "especie": "Pokémon Psi",
    "ratioCaptura": 50,
    "habilidadOculta": "Fuga Mágica",
    "imagen": "https://raw.githubusercontent.com/PokeAPI/sprites/master/sprites/pokemon/other/official-artwork/65.png",
    "atrapado": false
  },
  {
    "id": 66,
    "nombre": "Machop",
    "tipo": "Lucha",
    "habilidades": "Agallas",
    "peso": "19,5 kg",
    "altura": "0,8 m",
    "especie": "Pokémon Superpoder",
    "ratioCaptura": 180,
    "habilidadOculta": "Impasible",
    "imagen": "https://raw.githubusercontent.com/PokeAPI/sprites/master/sprites/pokemon/other/official-artwork/66.png",
    "atrapado": false
  },
  {
    "id": 67,
    "nombre": "Machoke",
    "tipo": "Lucha",
    "habilidades": "Agallas",
    "peso": "70,5 kg",
    "altura": "1,5 m",
    "especie": "Pokémon Superpoder",
    "ratioCaptura": 90,
    "habilidadOculta": "Impasible",
    "imagen": "https://raw.githubusercontent.com/PokeAPI/sprites/master/sprites/pokemon/other/official-artwork/67.png",
    "atrapado": false
  },
  {
    "id": 68,
    "nombre": "Machamp",
    "tipo": "Lucha",
    "habilidades": "Agallas",
    "peso": "130,0 kg",
    "altura": "1,6 m",
    "especie": "Pokémon Superpoder",
    "ratioCaptura": 45,
    "habilidadOculta": "Impasible",
    "imagen": "https://raw.githubusercontent.com/PokeAPI/sprites/master/sprites/pokemon/other/official-artwork/68.png",
    "atrapado": false
  },
  {
    "id": 69,
    "nombre": "Bellsprout",
    "tipo": "Planta/Veneno",
    "habilidades": "Clorofila",
    "peso": "4,0 kg",
    "altura": "0,7 m",
    "especie": "Pokémon Flor",
    "ratioCaptura": 255,
    "habilidadOculta": "Gula",
    "imagen": "https://raw.githubusercontent.com/PokeAPI/sprites/master/sprites/pokemon/other/official-artwork/69.png",
    "atrapado": false
  },
  {
    "id": 70,
    "nombre": "Weepinbell",
    "tipo": "Planta/Veneno",
    "habilidades": "Clorofila",
    "peso": "6,4 kg",
    "altura": "1,0 m",
    "especie": "Pokémon Atrapamoscas",
    "ratioCaptura": 120,
    "habilidadOculta": "Gula",
    "imagen": "https://raw.githubusercontent.com/PokeAPI/sprites/master/sprites/pokemon/other/official-artwork/70.png",
    "atrapado": false
  },
  {
    "id": 71,
    "nombre": "Victreebel",
    "tipo": "Planta/Veneno",
    "habilidades": "Clorofila",
    "peso": "15,5 kg",
    "altura": "1,7 m",
    "especie": "Pokémon Atrapamoscas",
    "ratioCaptura": 45,
    "habilidadOculta": "Gula",
    "imagen": "https://raw.githubusercontent.com/PokeAPI/sprites/master/sprites/pokemon/other/official-artwork/71.png",
    "atrapado": false
  },
  {
    "id": 72,
    "nombre": "Tentacool",
    "tipo": "Agua/Veneno",
    "habilidades": "Cuerpo Transparente",
    "peso": "45,5 kg",
    "altura": "0,9 m",
    "especie": "Pokémon Medusa",
    "ratioCaptura": 190,
    "habilidadOculta": "Cura Lluvia",
    "imagen": "https://raw.githubusercontent.com/PokeAPI/sprites/master/sprites/pokemon/other/official-artwork/72.png",
    "atrapado": false
  },
  {
    "id": 73,
    "nombre": "Tentacruel",
    "tipo": "Agua/Veneno",
    "habilidades": "Cuerpo Transparente",
    "peso": "55,0 kg",
    "altura": "1,6 m",
    "especie": "Pokémon Medusa",
    "ratioCaptura": 60,
    "habilidadOculta": "Cura Lluvia",
    "imagen": "https://raw.githubusercontent.com/PokeAPI/sprites/master/sprites/pokemon/other/official-artwork/73.png",
    "atrapado": false
  },
  {
    "id": 74,
    "nombre": "Geodude",
    "tipo": "Roca/Tierra",
    "habilidades": "Cabeza Roca",
    "peso": "20,0 kg",
    "altura": "0,4 m",
    "especie": "Pokémon Roca",
    "ratioCaptura": 255,
    "habilidadOculta": "Poder Arena",
    "imagen": "https://raw.githubusercontent.com/PokeAPI/sprites/master/sprites/pokemon/other/official-artwork/74.png",
    "atrapado": false
  },
  {
    "id": 75,
    "nombre": "Graveler",
    "tipo": "Roca/Tierra",
    "habilidades": "Cabeza Roca",
    "peso": "105,0 kg",
    "altura": "1,0 m",
    "especie": "Pokémon Roca",
    "ratioCaptura": 120,
    "habilidadOculta": "Poder Arena",
    "imagen": "https://raw.githubusercontent.com/PokeAPI/sprites/master/sprites/pokemon/other/official-artwork/75.png",
    "atrapado": false
  },
  {
    "id": 76,
    "nombre": "Golem",
    "tipo": "Roca/Tierra",
    "habilidades": "Cabeza Roca",
    "peso": "300,0 kg",
    "altura": "1,4 m",
    "especie": "Pokémon Megatón",
    "ratioCaptura": 45,
    "habilidadOculta": "Poder Arena",
    "imagen": "https://raw.githubusercontent.com/PokeAPI/sprites/master/sprites/pokemon/other/official-artwork/76.png",
    "atrapado": false
  },
  {
    "id": 77,
    "nombre": "Ponyta",
    "tipo": "Fuego",
    "habilidades": "Fuga",
    "peso": "30,0 kg",
    "altura": "1,0 m",
    "especie": "Pokémon Caballo Fuego",
    "ratioCaptura": 190,
    "habilidadOculta": "Cuerpo Llama",
    "imagen": "https://raw.githubusercontent.com/PokeAPI/sprites/master/sprites/pokemon/other/official-artwork/77.png",
    "atrapado": false
  },
  {
    "id": 78,
    "nombre": "Rapidash",
    "tipo": "Fuego",
    "habilidades": "Fuga",
    "peso": "95,0 kg",
    "altura": "1,7 m",
    "especie": "Pokémon Caballo Fuego",
    "ratioCaptura": 60,
    "habilidadOculta": "Cuerpo Llama",
    "imagen": "https://raw.githubusercontent.com/PokeAPI/sprites/master/sprites/pokemon/other/official-artwork/78.png",
    "atrapado": false
  },
  {
    "id": 79,
    "nombre": "Slowpoke",
    "tipo": "Agua/Psíquico",
    "habilidades": "Despiste",
    "peso": "36,0 kg",
    "altura": "1,2 m",
    "especie": "Pokémon Tonto",
    "ratioCaptura": 190,
    "habilidadOculta": "Regeneración",
    "imagen": "https://raw.githubusercontent.com/PokeAPI/sprites/master/sprites/pokemon/other/official-artwork/79.png",
    "atrapado": false
  },
  {
    "id": 80,
    "nombre": "Slowbro",
    "tipo": "Agua/Psíquico",
    "habilidades": "Despiste",
    "peso": "78,5 kg",
    "altura": "1,6 m",
    "especie": "Pokémon Ermitaño",
    "ratioCaptura": 75,
    "habilidadOculta": "Regeneración",
    "imagen": "https://raw.githubusercontent.com/PokeAPI/sprites/master/sprites/pokemon/other/official-artwork/80.png",
    "atrapado": false
  },
  {
    "id": 81,
    "nombre": "Magnemite",
    "tipo": "Eléctrico/Acero",
    "habilidades": "Imán",
    "peso": "6,0 kg",
    "altura": "0,3 m",
    "especie": "Pokémon Imán",
    "ratioCaptura": 190,
    "habilidadOculta": "Análisis",
    "imagen": "https://raw.githubusercontent.com/PokeAPI/sprites/master/sprites/pokemon/other/official-artwork/81.png",
    "atrapado": false
  },
  {
    "id": 82,
    "nombre": "Magneton",
    "tipo": "Eléctrico/Acero",
    "habilidades": "Imán",
    "peso": "60,0 kg",
    "altura": "1,0 m",
    "especie": "Pokémon Imán",
    "ratioCaptura": 60,
    "habilidadOculta": "Análisis",
    "imagen": "https://raw.githubusercontent.com/PokeAPI/sprites/master/sprites/pokemon/other/official-artwork/82.png",
    "atrapado": false
  },
  {
    "id": 83,
    "nombre": "Farfetch'd",
    "tipo": "Normal/Volador",
    "habilidades": "Vista Lince",
    "peso": "15,0 kg",
    "altura": "0,8 m",
    "especie": "Pokémon Pato Salvaje",
    "ratioCaptura": 45,
    "habilidadOculta": "Irascible",
    "imagen": "https://raw.githubusercontent.com/PokeAPI/sprites/master/sprites/pokemon/other/official-artwork/83.png",
    "atrapado": false
  },
  {
    "id": 84,
    "nombre": "Doduo",
    "tipo": "Normal/Volador",
    "habilidades": "Fuga",
    "peso": "39,2 kg",
    "altura": "1,4 m",
    "especie": "Pokémon Ave Gemela",
    "ratioCaptura": 190,
    "habilidadOculta": "Cacheo",
    "imagen": "https://raw.githubusercontent.com/PokeAPI/sprites/master/sprites/pokemon/other/official-artwork/84.png",
    "atrapado": false
  },
  {
    "id": 85,
    "nombre": "Dodrio",
    "tipo": "Normal/Volador",
    "habilidades": "Fuga",
    "peso": "85,2 kg",
    "altura": "1,8 m",
    "especie": "Pokémon Ave Triple",
    "ratioCaptura": 45,
    "habilidadOculta": "Cacheo",
    "imagen": "https://raw.githubusercontent.com/PokeAPI/sprites/master/sprites/pokemon/other/official-artwork/85.png",
    "atrapado": false
  },
  {
    "id": 86,
    "nombre": "Seel",
    "tipo": "Agua",
    "habilidades": "Sebo",
    "peso": "90,0 kg",
    "altura": "1,1 m",
    "especie": "Pokémon León Marino",
    "ratioCaptura": 190,
    "habilidadOculta": "Hidratación",
    "imagen": "https://raw.githubusercontent.com/PokeAPI/sprites/master/sprites/pokemon/other/official-artwork/86.png",
    "atrapado": false
  },
  {
    "id": 87,
    "nombre": "Dewgong",
    "tipo": "Agua/Hielo",
    "habilidades": "Sebo",
    "peso": "120,0 kg",
    "altura": "1,7 m",
    "especie": "Pokémon León Marino",
    "ratioCaptura": 75,
    "habilidadOculta": "Hidratación",
    "imagen": "https://raw.githubusercontent.com/PokeAPI/sprites/master/sprites/pokemon/other/official-artwork/87.png",
    "atrapado": false
  },
  {
    "id": 88,
    "nombre": "Grimer",
    "tipo": "Veneno",
    "habilidades": "Hedor",
    "peso": "30,0 kg",
    "altura": "0,9 m",
    "especie": "Pokémon Lodo",
    "ratioCaptura": 190,
    "habilidadOculta": "Antídoto",
    "imagen": "https://raw.githubusercontent.com/PokeAPI/sprites/master/sprites/pokemon/other/official-artwork/88.png",
    "atrapado": false
  },
  {
    "id": 89,
    "nombre": "Muk",
    "tipo": "Veneno",
    "habilidades": "Hedor",
    "peso": "30,0 kg",
    "altura": "1,2 m",
    "especie": "Pokémon Lodo",
    "ratioCaptura": 75,
    "habilidadOculta": "Antídoto",
    "imagen": "https://raw.githubusercontent.com/PokeAPI/sprites/master/sprites/pokemon/other/official-artwork/89.png",
    "atrapado": false
  },
  {
    "id": 90,
    "nombre": "Shellder",
    "tipo": "Agua",
    "habilidades": "Caparazón",
    "peso": "4,0 kg",
    "altura": "0,3 m",
    "especie": "Pokémon Bivalvo",
    "ratioCaptura": 190,
    "habilidadOculta": "Supersímplex",
    "imagen": "https://raw.githubusercontent.com/PokeAPI/sprites/master/sprites/pokemon/other/official-artwork/90.png",
    "atrapado": false
  },
  {
    "id": 91,
    "nombre": "Cloyster",
    "tipo": "Agua/Hielo",
    "habilidades": "Caparazón",
    "peso": "132,5 kg",
    "altura": "1,5 m",
    "especie": "Pokémon Bivalvo",
    "ratioCaptura": 60,
    "habilidadOculta": "Supersímplex",
    "imagen": "https://raw.githubusercontent.com/PokeAPI/sprites/master/sprites/pokemon/other/official-artwork/91.png",
    "atrapado": false
  },
  {
    "id": 92,
    "nombre": "Gastly",
    "tipo": "Fantasma/Veneno",
    "habilidades": "Levitación",
    "peso": "0,1 kg",
    "altura": "1,3 m",
    "especie": "Pokémon Gas",
    "ratioCaptura": 190,
    "habilidadOculta": "Levitación",
    "imagen": "https://raw.githubusercontent.com/PokeAPI/sprites/master/sprites/pokemon/other/official-artwork/92.png",
    "atrapado": false
  },
  {
    "id": 93,
    "nombre": "Haunter",
    "tipo": "Fantasma/Veneno",
    "habilidades": "Levitación",
    "peso": "0,1 kg",
    "altura": "1,6 m",
    "especie": "Pokémon Gas",
    "ratioCaptura": 90,
    "habilidadOculta": "Levitación",
    "imagen": "https://raw.githubusercontent.com/PokeAPI/sprites/master/sprites/pokemon/other/official-artwork/93.png",
    "atrapado": false
  },
  {
    "id": 94,
    "nombre": "Gengar",
    "tipo": "Fantasma/Veneno",
    "habilidades": "Cuerpo Maldito",
    "peso": "40,5 kg",
    "altura": "1,5 m",
    "especie": "Pokémon Sombra",
    "ratioCaptura": 45,
    "habilidadOculta": "Cuerpo Maldito",
    "imagen": "https://raw.githubusercontent.com/PokeAPI/sprites/master/sprites/pokemon/other/official-artwork/94.png",
    "atrapado": false
  },
  {
    "id": 95,
    "nombre": "Onix",
    "tipo": "Roca/Tierra",
    "habilidades": "Cabeza Roca",
    "peso": "210,0 kg",
    "altura": "8,8 m",
    "especie": "Pokémon Serpiente Roca",
    "ratioCaptura": 45,
    "habilidadOculta": "Liviano",
    "imagen": "https://raw.githubusercontent.com/PokeAPI/sprites/master/sprites/pokemon/other/official-artwork/95.png",
    "atrapado": false
  },
  {
    "id": 96,
    "nombre": "Drowzee",
    "tipo": "Psíquico",
    "habilidades": "Insomnio",
    "peso": "32,4 kg",
    "altura": "1,0 m",
    "especie": "Pokémon Hipnosis",
    "ratioCaptura": 190,
    "habilidadOculta": "Foco Interno",
    "imagen": "https://raw.githubusercontent.com/PokeAPI/sprites/master/sprites/pokemon/other/official-artwork/96.png",
    "atrapado": false
  },
  {
    "id": 97,
    "nombre": "Hypno",
    "tipo": "Psíquico",
    "habilidades": "Insomnio",
    "peso": "75,6 kg",
    "altura": "1,6 m",
    "especie": "Pokémon Hipnosis",
    "ratioCaptura": 75,
    "habilidadOculta": "Foco Interno",
    "imagen": "https://raw.githubusercontent.com/PokeAPI/sprites/master/sprites/pokemon/other/official-artwork/97.png",
    "atrapado": false
  },
  {
    "id": 98,
    "nombre": "Krabby",
    "tipo": "Agua",
    "habilidades": "Hiper Corte",
    "peso": "6,5 kg",
    "altura": "0,4 m",
    "especie": "Pokémon Río Cangrejo",
    "ratioCaptura": 225,
    "habilidadOculta": "Fuerza Bruta",
    "imagen": "https://raw.githubusercontent.com/PokeAPI/sprites/master/sprites/pokemon/other/official-artwork/98.png",
    "atrapado": false
  },
  {
    "id": 99,
    "nombre": "Kingler",
    "tipo": "Agua",
    "habilidades": "Hiper Corte",
    "peso": "60,0 kg",
    "altura": "1,3 m",
    "especie": "Pokémon Tenaza",
    "ratioCaptura": 60,
    "habilidadOculta": "Fuerza Bruta",
    "imagen": "https://raw.githubusercontent.com/PokeAPI/sprites/master/sprites/pokemon/other/official-artwork/99.png",
    "atrapado": false
  },
  {
    "id": 100,
    "nombre": "Voltorb",
    "tipo": "Eléctrico",
    "habilidades": "Insonorizar",
    "peso": "10,4 kg",
    "altura": "0,5 m",
    "especie": "Pokémon Bola",
    "ratioCaptura": 190,
    "habilidadOculta": "Electroimpulso",
    "imagen": "https://raw.githubusercontent.com/PokeAPI/sprites/master/sprites/pokemon/other/official-artwork/100.png",
    "atrapado": false
  },
  {
    "id": 101,
    "nombre": "Electrode",
    "tipo": "Eléctrico",
    "habilidades": "Insonorizar",
    "peso": "66,6 kg",
    "altura": "1,2 m",
    "especie": "Pokémon Bola",
    "ratioCaptura": 60,
    "habilidadOculta": "Electroimpulso",
    "imagen": "https://raw.githubusercontent.com/PokeAPI/sprites/master/sprites/pokemon/other/official-artwork/101.png",
    "atrapado": false
  },
  {
    "id": 102,
    "nombre": "Exeggcute",
    "tipo": "Planta/Psíquico",
    "habilidades": "Clorofila",
    "peso": "2,5 kg",
    "altura": "0,4 m",
    "especie": "Pokémon Huevo",
    "ratioCaptura": 90,
    "habilidadOculta": "Cosecha",
    "imagen": "https://raw.githubusercontent.com/PokeAPI/sprites/master/sprites/pokemon/other/official-artwork/102.png",
    "atrapado": false
  },
  {
    "id": 103,
    "nombre": "Exeggutor",
    "tipo": "Planta/Psíquico",
    "habilidades": "Clorofila",
    "peso": "120,0 kg",
    "altura": "2,0 m",
    "especie": "Pokémon Coco",
    "ratioCaptura": 45,
    "habilidadOculta": "Cosecha",
    "imagen": "https://raw.githubusercontent.com/PokeAPI/sprites/master/sprites/pokemon/other/official-artwork/103.png",
    "atrapado": false
  },
  {
    "id": 104,
    "nombre": "Cubone",
    "tipo": "Tierra",
    "habilidades": "Cabeza Roca",
    "peso": "6,5 kg",
    "altura": "0,4 m",
    "especie": "Pokémon Solitario",
    "ratioCaptura": 190,
    "habilidadOculta": "Pararrayos",
    "imagen": "https://raw.githubusercontent.com/PokeAPI/sprites/master/sprites/pokemon/other/official-artwork/104.png",
    "atrapado": false
  },
  {
    "id": 105,
    "nombre": "Marowak",
    "tipo": "Tierra",
    "habilidades": "Cabeza Roca",
    "peso": "45,0 kg",
    "altura": "1,0 m",
    "especie": "Pokémon Guardahuesos",
    "ratioCaptura": 75,
    "habilidadOculta": "Pararrayos",
    "imagen": "https://raw.githubusercontent.com/PokeAPI/sprites/master/sprites/pokemon/other/official-artwork/105.png",
    "atrapado": false
  },
  {
    "id": 106,
    "nombre": "Hitmonlee",
    "tipo": "Lucha",
    "habilidades": "Flexibilidad",
    "peso": "49,8 kg",
    "altura": "1,5 m",
    "especie": "Pokémon Patada",
    "ratioCaptura": 45,
    "habilidadOculta": "Liviano",
    "imagen": "https://raw.githubusercontent.com/PokeAPI/sprites/master/sprites/pokemon/other/official-artwork/106.png",
    "atrapado": false
  },
  {
    "id": 107,
    "nombre": "Hitmonchan",
    "tipo": "Lucha",
    "habilidades": "Vista Lince",
    "peso": "50,2 kg",
    "altura": "1,4 m",
    "especie": "Pokémon Puñetazo",
    "ratioCaptura": 45,
    "habilidadOculta": "Foco Interno",
    "imagen": "https://raw.githubusercontent.com/PokeAPI/sprites/master/sprites/pokemon/other/official-artwork/107.png",
    "atrapado": false
  },
  {
    "id": 108,
    "nombre": "Lickitung",
    "tipo": "Normal",
    "habilidades": "Despiste",
    "peso": "65,5 kg",
    "altura": "1,2 m",
    "especie": "Pokémon Lametazo",
    "ratioCaptura": 45,
    "habilidadOculta": "Nubosidad",
    "imagen": "https://raw.githubusercontent.com/PokeAPI/sprites/master/sprites/pokemon/other/official-artwork/108.png",
    "atrapado": false
  },
  {
    "id": 109,
    "nombre": "Koffing",
    "tipo": "Veneno",
    "habilidades": "Levitación",
    "peso": "1,0 kg",
    "altura": "0,6 m",
    "especie": "Pokémon Gas Venenoso",
    "ratioCaptura": 190,
    "habilidadOculta": "Hedor",
    "imagen": "https://raw.githubusercontent.com/PokeAPI/sprites/master/sprites/pokemon/other/official-artwork/109.png",
    "atrapado": false
  },
  {
    "id": 110,
    "nombre": "Weezing",
    "tipo": "Veneno",
    "habilidades": "Levitación",
    "peso": "9,5 kg",
    "altura": "1,2 m",
    "especie": "Pokémon Gas Venenoso",
    "ratioCaptura": 60,
    "habilidadOculta": "Hedor",
    "imagen": "https://raw.githubusercontent.com/PokeAPI/sprites/master/sprites/pokemon/other/official-artwork/110.png",
    "atrapado": false
  },
  {
    "id": 111,
    "nombre": "Rhyhorn",
    "tipo": "Tierra/Roca",
    "habilidades": "Pararrayos",
    "peso": "115,0 kg",
    "altura": "1,0 m",
    "especie": "Pokémon Pincho",
    "ratioCaptura": 120,
    "habilidadOculta": "Audaz",
    "imagen": "https://raw.githubusercontent.com/PokeAPI/sprites/master/sprites/pokemon/other/official-artwork/111.png",
    "atrapado": false
  },
  {
    "id": 112,
    "nombre": "Rhydon",
    "tipo": "Tierra/Roca",
    "habilidades": "Pararrayos",
    "peso": "120,0 kg",
    "altura": "1,9 m",
    "especie": "Pokémon Taladro",
    "ratioCaptura": 60,
    "habilidadOculta": "Audaz",
    "imagen": "https://raw.githubusercontent.com/PokeAPI/sprites/master/sprites/pokemon/other/official-artwork/112.png",
    "atrapado": false
  },
  {
    "id": 113,
    "nombre": "Chansey",
    "tipo": "Normal",
    "habilidades": "Dicha",
    "peso": "34,6 kg",
    "altura": "1,1 m",
    "especie": "Pokémon Huevo",
    "ratioCaptura": 30,
    "habilidadOculta": "Alma Cura",
    "imagen": "https://raw.githubusercontent.com/PokeAPI/sprites/master/sprites/pokemon/other/official-artwork/113.png",
    "atrapado": false
  },
  {
    "id": 114,
    "nombre": "Tangela",
    "tipo": "Planta",
    "habilidades": "Clorofila",
    "peso": "35,0 kg",
    "altura": "1,0 m",
    "especie": "Pokémon Enredadera",
    "ratioCaptura": 45,
    "habilidadOculta": "Regeneración",
    "imagen": "https://raw.githubusercontent.com/PokeAPI/sprites/master/sprites/pokemon/other/official-artwork/114.png",
    "atrapado": false
  },
  {
    "id": 115,
    "nombre": "Kangaskhan",
    "tipo": "Normal",
    "habilidades": "Madrugar",
    "peso": "80,0 kg",
    "altura": "2,2 m",
    "especie": "Pokémon Maternal",
    "ratioCaptura": 45,
    "habilidadOculta": "Foco Interno",
    "imagen": "https://raw.githubusercontent.com/PokeAPI/sprites/master/sprites/pokemon/other/official-artwork/115.png",
    "atrapado": false
  },
  {
    "id": 116,
    "nombre": "Horsea",
    "tipo": "Agua",
    "habilidades": "Nado Rápido",
    "peso": "8,0 kg",
    "altura": "0,4 m",
    "especie": "Pokémon Dragón",
    "ratioCaptura": 225,
    "habilidadOculta": "Humedad",
    "imagen": "https://raw.githubusercontent.com/PokeAPI/sprites/master/sprites/pokemon/other/official-artwork/116.png",
    "atrapado": false
  },
  {
    "id": 117,
    "nombre": "Seadra",
    "tipo": "Agua",
    "habilidades": "Punto Tóxico",
    "peso": "25,0 kg",
    "altura": "1,2 m",
    "especie": "Pokémon Dragón",
    "ratioCaptura": 75,
    "habilidadOculta": "Humedad",
    "imagen": "https://raw.githubusercontent.com/PokeAPI/sprites/master/sprites/pokemon/other/official-artwork/117.png",
    "atrapado": false
  },
  {
    "id": 118,
    "nombre": "Goldeen",
    "tipo": "Agua",
    "habilidades": "Nado Rápido",
    "peso": "15,0 kg",
    "altura": "0,6 m",
    "especie": "Pokémon Pez Color",
    "ratioCaptura": 225,
    "habilidadOculta": "Pararrayos",
    "imagen": "https://raw.githubusercontent.com/PokeAPI/sprites/master/sprites/pokemon/other/official-artwork/118.png",
    "atrapado": false
  },
  {
    "id": 119,
    "nombre": "Seaking",
    "tipo": "Agua",
    "habilidades": "Nado Rápido",
    "peso": "39,0 kg",
    "altura": "1,3 m",
    "especie": "Pokémon Pez Color",
    "ratioCaptura": 60,
    "habilidadOculta": "Pararrayos",
    "imagen": "https://raw.githubusercontent.com/PokeAPI/sprites/master/sprites/pokemon/other/official-artwork/119.png",
    "atrapado": false
  },
  {
    "id": 120,
    "nombre": "Staryu",
    "tipo": "Agua",
    "habilidades": "Iluminación",
    "peso": "34,5 kg",
    "altura": "0,8 m",
    "especie": "Pokémon Estrella",
    "ratioCaptura": 225,
    "habilidadOculta": "Análisis",
    "imagen": "https://raw.githubusercontent.com/PokeAPI/sprites/master/sprites/pokemon/other/official-artwork/120.png",
    "atrapado": false
  },
  {
    "id": 121,
    "nombre": "Starmie",
    "tipo": "Agua/Psíquico",
    "habilidades": "Iluminación",
    "peso": "80,0 kg",
    "altura": "1,1 m",
    "especie": "Pokémon Misterioso",
    "ratioCaptura": 60,
    "habilidadOculta": "Análisis",
    "imagen": "https://raw.githubusercontent.com/PokeAPI/sprites/master/sprites/pokemon/other/official-artwork/121.png",
    "atrapado": false
  },
  {
    "id": 122,
    "nombre": "Mr. Mime",
    "tipo": "Psíquico/Hada",
    "habilidades": "Insonorizar",
    "peso": "54,5 kg",
    "altura": "1,3 m",
    "especie": "Pokémon Barrera",
    "ratioCaptura": 45,
    "habilidadOculta": "Técnico",
    "imagen": "https://raw.githubusercontent.com/PokeAPI/sprites/master/sprites/pokemon/other/official-artwork/122.png",
    "atrapado": false
  },
  {
    "id": 123,
    "nombre": "Scyther",
    "tipo": "Bicho/Volador",
    "habilidades": "Enjambre",
    "peso": "56,0 kg",
    "altura": "1,5 m",
    "especie": "Pokémon Mantis",
    "ratioCaptura": 45,
    "habilidadOculta": "Impasible",
    "imagen": "https://raw.githubusercontent.com/PokeAPI/sprites/master/sprites/pokemon/other/official-artwork/123.png",
    "atrapado": false
  },
  {
    "id": 124,
    "nombre": "Jynx",
    "tipo": "Hielo/Psíquico",
    "habilidades": "Despiste",
    "peso": "40,6 kg",
    "altura": "1,4 m",
    "especie": "Pokémon Forma Humana",
    "ratioCaptura": 45,
    "habilidadOculta": "Sequía",
    "imagen": "https://raw.githubusercontent.com/PokeAPI/sprites/master/sprites/pokemon/other/official-artwork/124.png",
    "atrapado": false
  },
  {
    "id": 125,
    "nombre": "Electabuzz",
    "tipo": "Eléctrico",
    "habilidades": "Electricidad Estática",
    "peso": "30,0 kg",
    "altura": "1,1 m",
    "especie": "Pokémon Eléctrico",
    "ratioCaptura": 45,
    "habilidadOculta": "Espíritu Vital",
    "imagen": "https://raw.githubusercontent.com/PokeAPI/sprites/master/sprites/pokemon/other/official-artwork/125.png",
    "atrapado": false
  },
  {
    "id": 126,
    "nombre": "Magmar",
    "tipo": "Fuego",
    "habilidades": "Cuerpo Llama",
    "peso": "44,5 kg",
    "altura": "1,3 m",
    "especie": "Pokémon Escupe Fuego",
    "ratioCaptura": 45,
    "habilidadOculta": "Espíritu Vital",
    "imagen": "https://raw.githubusercontent.com/PokeAPI/sprites/master/sprites/pokemon/other/official-artwork/126.png",
    "atrapado": false
  },
  {
    "id": 127,
    "nombre": "Pinsir",
    "tipo": "Bicho",
    "habilidades": "Hiper Corte",
    "peso": "55,0 kg",
    "altura": "1,5 m",
    "especie": "Pokémon Ciervo Volante",
    "ratioCaptura": 45,
    "habilidadOculta": "Rompemoldes",
    "imagen": "https://raw.githubusercontent.com/PokeAPI/sprites/master/sprites/pokemon/other/official-artwork/127.png",
    "atrapado": false
  },
  {
    "id": 128,
    "nombre": "Tauros",
    "tipo": "Normal",
    "habilidades": "Intimidación",
    "peso": "88,4 kg",
    "altura": "1,4 m",
    "especie": "Pokémon Toro Salvaje",
    "ratioCaptura": 45,
    "habilidadOculta": "Fuerza Bruta",
    "imagen": "https://raw.githubusercontent.com/PokeAPI/sprites/master/sprites/pokemon/other/official-artwork/128.png",
    "atrapado": false
  },
  {
    "id": 129,
    "nombre": "Magikarp",
    "tipo": "Agua",
    "habilidades": "Nado Rápido",
    "peso": "10,0 kg",
    "altura": "0,9 m",
    "especie": "Pokémon Pez",
    "ratioCaptura": 255,
    "habilidadOculta": "Cobardía",
    "imagen": "https://raw.githubusercontent.com/PokeAPI/sprites/master/sprites/pokemon/other/official-artwork/129.png",
    "atrapado": false
  },
  {
    "id": 130,
    "nombre": "Gyarados",
    "tipo": "Agua/Volador",
    "habilidades": "Intimidación",
    "peso": "235,0 kg",
    "altura": "6,5 m",
    "especie": "Pokémon Atrocidad",
    "ratioCaptura": 45,
    "habilidadOculta": "Autoestima",
    "imagen": "https://raw.githubusercontent.com/PokeAPI/sprites/master/sprites/pokemon/other/official-artwork/130.png",
    "atrapado": false
  },
  {
    "id": 131,
    "nombre": "Lapras",
    "tipo": "Agua/Hielo",
    "habilidades": "Absorbe Agua",
    "peso": "220,0 kg",
    "altura": "2,5 m",
    "especie": "Pokémon Transporte",
    "ratioCaptura": 45,
    "habilidadOculta": "Hidratación",
    "imagen": "https://raw.githubusercontent.com/PokeAPI/sprites/master/sprites/pokemon/other/official-artwork/131.png",
    "atrapado": false
  },
  {
    "id": 132,
    "nombre": "Ditto",
    "tipo": "Normal",
    "habilidades": "Flexibilidad",
    "peso": "4,0 kg",
    "altura": "0,3 m",
    "especie": "Pokémon Transformación",
    "ratioCaptura": 35,
    "habilidadOculta": "Impostor",
    "imagen": "https://raw.githubusercontent.com/PokeAPI/sprites/master/sprites/pokemon/other/official-artwork/132.png",
    "atrapado": false
  },
  {
    "id": 133,
    "nombre": "Eevee",
    "tipo": "Normal",
    "habilidades": "Fuga",
    "peso": "6,5 kg",
    "altura": "0,3 m",
    "especie": "Pokémon Evolución",
    "ratioCaptura": 45,
    "habilidadOculta": "Anticipación",
    "imagen": "https://raw.githubusercontent.com/PokeAPI/sprites/master/sprites/pokemon/other/official-artwork/133.png",
    "atrapado": false
  },
  {
    "id": 134,
    "nombre": "Vaporeon",
    "tipo": "Agua",
    "habilidades": "Absorbe Agua",
    "peso": "29,0 kg",
    "altura": "1,0 m",
    "especie": "Pokémon Burbuja",
    "ratioCaptura": 45,
    "habilidadOculta": "Hidratación",
    "imagen": "https://raw.githubusercontent.com/PokeAPI/sprites/master/sprites/pokemon/other/official-artwork/134.png",
    "atrapado": false
  },
  {
    "id": 135,
    "nombre": "Jolteon",
    "tipo": "Eléctrico",
    "habilidades": "Absorbe Electricidad",
    "peso": "24,5 kg",
    "altura": "0,8 m",
    "especie": "Pokémon Rayo",
    "ratioCaptura": 45,
    "habilidadOculta": "Impulso",
    "imagen": "https://raw.githubusercontent.com/PokeAPI/sprites/master/sprites/pokemon/other/official-artwork/135.png",
    "atrapado": false
  },
  {
    "id": 136,
    "nombre": "Flareon",
    "tipo": "Fuego",
    "habilidades": "Absorbe Fuego",
    "peso": "25,0 kg",
    "altura": "0,9 m",
    "especie": "Pokémon Llama",
    "ratioCaptura": 45,
    "habilidadOculta": "Agallas",
    "imagen": "https://raw.githubusercontent.com/PokeAPI/sprites/master/sprites/pokemon/other/official-artwork/136.png",
    "atrapado": false
  },
  {
    "id": 137,
    "nombre": "Porygon",
    "tipo": "Normal",
    "habilidades": "Calco",
    "peso": "36,5 kg",
    "altura": "0,8 m",
    "especie": "Pokémon Virtual",
    "ratioCaptura": 45,
    "habilidadOculta": "Análisis",
    "imagen": "https://raw.githubusercontent.com/PokeAPI/sprites/master/sprites/pokemon/other/official-artwork/137.png",
    "atrapado": false
  },
  {
    "id": 138,
    "nombre": "Omanyte",
    "tipo": "Roca/Agua",
    "habilidades": "Nado Rápido",
    "peso": "7,5 kg",
    "altura": "0,4 m",
    "especie": "Pokémon Espiral",
    "ratioCaptura": 45,
    "habilidadOculta": "Liviano",
    "imagen": "https://raw.githubusercontent.com/PokeAPI/sprites/master/sprites/pokemon/other/official-artwork/138.png",
    "atrapado": false
  },
  {
    "id": 139,
    "nombre": "Omastar",
    "tipo": "Roca/Agua",
    "habilidades": "Nado Rápido",
    "peso": "35,0 kg",
    "altura": "1,0 m",
    "especie": "Pokémon Espiral",
    "ratioCaptura": 45,
    "habilidadOculta": "Liviano",
    "imagen": "https://raw.githubusercontent.com/PokeAPI/sprites/master/sprites/pokemon/other/official-artwork/139.png",
    "atrapado": false
  },
  {
    "id": 140,
    "nombre": "Kabuto",
    "tipo": "Roca/Agua",
    "habilidades": "Nado Rápido",
    "peso": "11,5 kg",
    "altura": "0,5 m",
    "especie": "Pokémon Caparazón",
    "ratioCaptura": 45,
    "habilidadOculta": "Liviano",
    "imagen": "https://raw.githubusercontent.com/PokeAPI/sprites/master/sprites/pokemon/other/official-artwork/140.png",
    "atrapado": false
  },
  {
    "id": 141,
    "nombre": "Kabutops",
    "tipo": "Roca/Agua",
    "habilidades": "Nado Rápido",
    "peso": "40,5 kg",
    "altura": "1,3 m",
    "especie": "Pokémon Caparazón",
    "ratioCaptura": 45,
    "habilidadOculta": "Liviano",
    "imagen": "https://raw.githubusercontent.com/PokeAPI/sprites/master/sprites/pokemon/other/official-artwork/141.png",
    "atrapado": false
  },
  {
    "id": 142,
    "nombre": "Aerodactyl",
    "tipo": "Roca/Volador",
    "habilidades": "Cabeza Roca",
    "peso": "59,0 kg",
    "altura": "1,8 m",
    "especie": "Pokémon Fósil",
    "ratioCaptura": 45,
    "habilidadOculta": "Nerviosismo",
    "imagen": "https://raw.githubusercontent.com/PokeAPI/sprites/master/sprites/pokemon/other/official-artwork/142.png",
    "atrapado": false
  },
  {
    "id": 143,
    "nombre": "Snorlax",
    "tipo": "Normal",
    "habilidades": "Inmunidad",
    "peso": "460,0 kg",
    "altura": "2,1 m",
    "especie": "Pokémon Dormir",
    "ratioCaptura": 25,
    "habilidadOculta": "Gula",
    "imagen": "https://raw.githubusercontent.com/PokeAPI/sprites/master/sprites/pokemon/other/official-artwork/143.png",
    "atrapado": false
  },
  {
    "id": 144,
    "nombre": "Articuno",
    "tipo": "Hielo/Volador",
    "habilidades": "Presión",
    "peso": "55,4 kg",
    "altura": "1,7 m",
    "especie": "Pokémon Congelado",
    "ratioCaptura": 3,
    "habilidadOculta": "Manto Níveo",
    "imagen": "https://raw.githubusercontent.com/PokeAPI/sprites/master/sprites/pokemon/other/official-artwork/144.png",
    "atrapado": false
  },
  {
    "id": 145,
    "nombre": "Zapdos",
    "tipo": "Eléctrico/Volador",
    "habilidades": "Presión",
    "peso": "52,6 kg",
    "altura": "1,6 m",
    "especie": "Pokémon Eléctrico",
    "ratioCaptura": 3,
    "habilidadOculta": "Electricidad Estática",
    "imagen": "https://raw.githubusercontent.com/PokeAPI/sprites/master/sprites/pokemon/other/official-artwork/145.png",
    "atrapado": false
  },
  {
    "id": 146,
    "nombre": "Moltres",
    "tipo": "Fuego/Volador",
    "habilidades": "Presión",
    "peso": "60,0 kg",
    "altura": "2,0 m",
    "especie": "Pokémon Llama",
    "ratioCaptura": 3,
    "habilidadOculta": "Cuerpo Llama",
    "imagen": "https://raw.githubusercontent.com/PokeAPI/sprites/master/sprites/pokemon/other/official-artwork/146.png",
    "atrapado": false
  },
  {
    "id": 147,
    "nombre": "Dratini",
    "tipo": "Dragón",
    "habilidades": "Mudar",
    "peso": "3,3 kg",
    "altura": "1,8 m",
    "especie": "Pokémon Dragón",
    "ratioCaptura": 45,
    "habilidadOculta": "Maravilla",
    "imagen": "https://raw.githubusercontent.com/PokeAPI/sprites/master/sprites/pokemon/other/official-artwork/147.png",
    "atrapado": false
  },
  {
    "id": 148,
    "nombre": "Dragonair",
    "tipo": "Dragón",
    "habilidades": "Mudar",
    "peso": "16,5 kg",
    "altura": "4,0 m",
    "especie": "Pokémon Dragón",
    "ratioCaptura": 45,
    "habilidadOculta": "Maravilla",
    "imagen": "https://raw.githubusercontent.com/PokeAPI/sprites/master/sprites/pokemon/other/official-artwork/148.png",
    "atrapado": false
  },
  {
    "id": 149,
    "nombre": "Dragonite",
    "tipo": "Dragón/Volador",
    "habilidades": "Foco Interno",
    "peso": "210,0 kg",
    "altura": "2,2 m",
    "especie": "Pokémon Dragón",
    "ratioCaptura": 45,
    "habilidadOculta": "Multiescamas",
    "imagen": "https://raw.githubusercontent.com/PokeAPI/sprites/master/sprites/pokemon/other/official-artwork/149.png",
    "atrapado": false
  },
  {
    "id": 150,
    "nombre": "Mewtwo",
    "tipo": "Psíquico",
    "habilidades": "Presión",
    "peso": "122,0 kg",
    "altura": "2,0 m",
    "especie": "Pokémon Genético",
    "ratioCaptura": 3,
    "habilidadOculta": "Nerviosismo",
    "imagen": "https://raw.githubusercontent.com/PokeAPI/sprites/master/sprites/pokemon/other/official-artwork/150.png",
    "atrapado": false
  },
  {
    "id": 151,
    "nombre": "Mew",
    "tipo": "Psíquico",
    "habilidades": "Sincronía",
    "peso": "4,0 kg",
    "altura": "0,4 m",
    "especie": "Pokémon Nueva Especie",
    "ratioCaptura": 45,
    "habilidadOculta": "Sincronía",
    "imagen": "https://raw.githubusercontent.com/PokeAPI/sprites/master/sprites/pokemon/other/official-artwork/151.png",
    "atrapado": false
  }
]