[
  {
    "id": 201,
    "nombre": "Unown",
    "tipo": "Psíquico",
    "habilidades": "Levitación",
    "peso": "5,0 kg",
    "altura": "0,5 m",
    "especie": "Pokémon Símbolo",
    "ratioCaptura": 225,
    "habilidadOculta": "Levitación",
    "imagen": "https://raw.githubusercontent.com/PokeAPI/sprites/master/sprites/pokemon/other/official-artwork/250.png",
    "atrapado": false
  },
  {
    "id": 251,
    "nombre": "Celebi",
    "tipo": "Psíquico/Planta",
    "habilidades": "Cura Natural",
    "peso": "5,0 kg",
    "altura": "0,6 m",
    "especie": "Pokémon Viajero Tiempo",
    "ratioCaptura": 45,
    "habilidadOculta": "Cura Natural",
    "imagen": "https://raw.githubusercontent.com/PokeAPI/sprites/master/sprites/pokemon/other/official-artwork/251.png",
    "atrapado": false
  },
  {
    "id": 252,
    "nombre": "Treecko",
    "tipo": "Planta",
    "habilidades": "Espesura",
    "peso": "5,0 kg",
    "altura": "0,5 m",
    "especie": "Pokémon Geco Arborícola",
    "ratioCaptura": 45,
    "habilidadOculta": "Ignífugo",
    "imagen": "https://raw.githubusercontent.com/PokeAPI/sprites/master/sprites/pokemon/other/official-artwork/252.png",
    "atrapado": false
  },
  {
    "id": 253,
    "nombre": "Grovyle",
    "tipo": "Planta",
    "habilidades": "Espesura",
    "peso": "21,6 kg",
    "altura": "0,9 m",
    "especie": "Pokémon Geco Arborícola",
    "ratioCaptura": 45,
    "habilidadOculta": "Ignífugo",
    "imagen": "https://raw.githubusercontent.com/PokeAPI/sprites/master/sprites/pokemon/other/official-artwork/253.png",
    "atrapado": false
  },
  {
    "id": 254,
    "nombre": "Sceptile",
    "tipo": "Planta",
    "habilidades": "Espesura",
    "peso": "52,2 kg",
    "altura": "1,7 m",
    "especie": "Pokémon Selva",
    "ratioCaptura": 45,
    "habilidadOculta": "Ignífugo",
    "imagen": "https://raw.githubusercontent.com/PokeAPI/sprites/master/sprites/pokemon/other/official-artwork/254.png",
    "atrapado": false
  },
  {
    "id": 255,
    "nombre": "Torchic",
    "tipo": "Fuego",
    "habilidades": "Mar Llamas",
    "peso": "2,5 kg",
    "altura": "0,4 m",
    "especie": "Pokémon Pollito",
    "ratioCaptura": 45,
    "habilidadOculta": "Impulso",
    "imagen": "https://raw.githubusercontent.com/PokeAPI/sprites/master/sprites/pokemon/other/official-artwork/255.png",
    "atrapado": false
  },
  {
    "id": 256,
    "nombre": "Combusken",
    "tipo": "Fuego/Lucha",
    "habilidades": "Mar Llamas",
    "peso": "19,5 kg",
    "altura": "0,9 m",
    "especie": "Pokémon Polluelo",
    "ratioCaptura": 45,
    "habilidadOculta": "Impulso",
    "imagen": "https://raw.githubusercontent.com/PokeAPI/sprites/master/sprites/pokemon/other/official-artwork/256.png",
    "atrapado": false
  },
  {
    "id": 257,
    "nombre": "Blaziken",
    "tipo": "Fuego/Lucha",
    "habilidades": "Mar Llamas",
    "peso": "52,0 kg",
    "altura": "1,9 m",
    "especie": "Pokémon Ardiente",
    "ratioCaptura": 45,
    "habilidadOculta": "Impulso",
    "imagen": "https://raw.githubusercontent.com/PokeAPI/sprites/master/sprites/pokemon/other/official-artwork/257.png",
    "atrapado": false
  },
  {
    "id": 258,
    "nombre": "Mudkip",
    "tipo": "Agua",
    "habilidades": "Torrente",
    "peso": "7,6 kg",
    "altura": "0,4 m",
    "especie": "Pokémon Pez Lodo",
    "ratioCaptura": 45,
    "habilidadOculta": "Humedad",
    "imagen": "https://raw.githubusercontent.com/PokeAPI/sprites/master/sprites/pokemon/other/official-artwork/258.png",
    "atrapado": false
  },
  {
    "id": 259,
    "nombre": "Marshtomp",
    "tipo": "Agua/Tierra",
    "habilidades": "Torrente",
    "peso": "28,0 kg",
    "altura": "0,7 m",
    "especie": "Pokémon Pez Lodo",
    "ratioCaptura": 45,
    "habilidadOculta": "Humedad",
    "imagen": "https://raw.githubusercontent.com/PokeAPI/sprites/master/sprites/pokemon/other/official-artwork/259.png",
    "atrapado": false
  },
  {
    "id": 260,
    "nombre": "Swampert",
    "tipo": "Agua/Tierra",
    "habilidades": "Torrente",
    "peso": "81,9 kg",
    "altura": "1,5 m",
    "especie": "Pokémon Pez Lodo",
    "ratioCaptura": 45,
    "habilidadOculta": "Humedad",
    "imagen": "https://raw.githubusercontent.com/PokeAPI/sprites/master/sprites/pokemon/other/official-artwork/260.png",
    "atrapado": false
  },
  {
    "id": 261,
    "nombre": "Poochyena",
    "tipo": "Siniestro",
    "habilidades": "Fuga",
    "peso": "13,6 kg",
    "altura": "0,5 m",
    "especie": "Pokémon Mordisco",
    "ratioCaptura": 255,
    "habilidadOculta": "Cobardía",
    "imagen": "https://raw.githubusercontent.com/PokeAPI/sprites/master/sprites/pokemon/other/official-artwork/261.png",
    "atrapado": false
  },
  {
    "id": 262,
    "nombre": "Mightyena",
    "tipo": "Siniestro",
    "habilidades": "Intimidación",
    "peso": "37,0 kg",
    "altura": "1,0 m",
    "especie": "Pokémon Mordisco",
    "ratioCaptura": 127,
    "habilidadOculta": "Autoestima",
    "imagen": "https://raw.githubusercontent.com/PokeAPI/sprites/master/sprites/pokemon/other/official-artwork/262.png",
    "atrapado": false
  },
  {
    "id": 263,
    "nombre": "Zigzagoon",
    "tipo": "Normal",
    "habilidades": "Recogida",
    "peso": "17,5 kg",
    "altura": "0,4 m",
    "especie": "Pokémon Mapache",
    "ratioCaptura": 255,
    "habilidadOculta": "Impulso",
    "imagen": "https://raw.githubusercontent.com/PokeAPI/sprites/master/sprites/pokemon/other/official-artwork/263.png",
    "atrapado": false
  },
  {
    "id": 264,
    "nombre": "Linoone",
    "tipo": "Normal",
    "habilidades": "Recogida",
    "peso": "32,5 kg",
    "altura": "0,5 m",
    "especie": "Pokémon Lanzado",
    "ratioCaptura": 90,
    "habilidadOculta": "Impulso",
    "imagen": "https://raw.githubusercontent.com/PokeAPI/sprites/master/sprites/pokemon/other/official-artwork/264.png",
    "atrapado": false
  },
  {
    "id": 265,
    "nombre": "Wurmple",
    "tipo": "Bicho",
    "habilidades": "Polvo Escudo",
    "peso": "3,6 kg",
    "altura": "0,3 m",
    "especie": "Pokémon Gusano",
    "ratioCaptura": 255,
    "habilidadOculta": "Fuga",
    "imagen": "https://raw.githubusercontent.com/PokeAPI/sprites/master/sprites/pokemon/other/official-artwork/265.png",
    "atrapado": false
  },
  {
    "id": 266,
    "nombre": "Silcoon",
    "tipo": "Bicho",
    "habilidades": "Mudar",
    "peso": "10,0 kg",
    "altura": "0,6 m",
    "especie": "Pokémon Capullo",
    "ratioCaptura": 120,
    "habilidadOculta": "Mudar",
    "imagen": "https://raw.githubusercontent.com/PokeAPI/sprites/master/sprites/pokemon/other/official-artwork/266.png",
    "atrapado": false
  },
  {
    "id": 267,
    "nombre": "Beautifly",
    "tipo": "Bicho/Volador",
    "habilidades": "Enjambre",
    "peso": "28,4 kg",
    "altura": "1,0 m",
    "especie": "Pokémon Mariposa",
    "ratioCaptura": 45,
    "habilidadOculta": "Rivalidad",
    "imagen": "https://raw.githubusercontent.com/PokeAPI/sprites/master/sprites/pokemon/other/official-artwork/267.png",
    "atrapado": false
  },
  {
    "id": 268,
    "nombre": "Cascoon",
    "tipo": "Bicho",
    "habilidades": "Mudar",
    "peso": "11,5 kg",
    "altura": "0,7 m",
    "especie": "Pokémon Capullo",
    "ratioCaptura": 120,
    "habilidadOculta": "Mudar",
    "imagen": "https://raw.githubusercontent.com/PokeAPI/sprites/master/sprites/pokemon/other/official-artwork/268.png",
    "atrapado": false
  },
  {
    "id": 269,
    "nombre": "Dustox",
    "tipo": "Bicho/Veneno",
    "habilidades": "Polvo Escudo",
    "peso": "31,6 kg",
    "altura": "1,2 m",
    "especie": "Pokémon Polilla Venenosa",
    "ratioCaptura": 45,
    "habilidadOculta": "Ojo Compuesto",
    "imagen": "https://raw.githubusercontent.com/PokeAPI/sprites/master/sprites/pokemon/other/official-artwork/269.png",
    "atrapado": false
  },
  {
    "id": 270,
    "nombre": "Lotad",
    "tipo": "Agua/Planta",
    "habilidades": "Nado Rápido",
    "peso": "2,6 kg",
    "altura": "0,5 m",
    "especie": "Pokémon Lenteja Agua",
    "ratioCaptura": 255,
    "habilidadOculta": "Ritmo Propio",
    "imagen": "https://raw.githubusercontent.com/PokeAPI/sprites/master/sprites/pokemon/other/official-artwork/270.png",
    "atrapado": false
  },
  {
    "id": 271,
    "nombre": "Lombre",
    "tipo": "Agua/Planta",
    "habilidades": "Nado Rápido",
    "peso": "32,5 kg",
    "altura": "1,2 m",
    "especie": "Pokémon Alegre",
    "ratioCaptura": 120,
    "habilidadOculta": "Ritmo Propio",
    "imagen": "https://raw.githubusercontent.com/PokeAPI/sprites/master/sprites/pokemon/other/official-artwork/271.png",
    "atrapado": false
  },
  {
    "id": 272,
    "nombre": "Ludicolo",
    "tipo": "Agua/Planta",
    "habilidades": "Nado Rápido",
    "peso": "55,0 kg",
    "altura": "1,5 m",
    "especie": "Pokémon Despreocupado",
    "ratioCaptura": 45,
    "habilidadOculta": "Ritmo Propio",
    "imagen": "https://raw.githubusercontent.com/PokeAPI/sprites/master/sprites/pokemon/other/official-artwork/272.png",
    "atrapado": false
  },
  {
    "id": 273,
    "nombre": "Seedot",
    "tipo": "Planta",
    "habilidades": "Clorofila",
    "peso": "4,0 kg",
    "altura": "0,5 m",
    "especie": "Pokémon Bellota",
    "ratioCaptura": 255,
    "habilidadOculta": "Recogida",
    "imagen": "https://raw.githubusercontent.com/PokeAPI/sprites/master/sprites/pokemon/other/official-artwork/273.png",
    "atrapado": false
  },
  {
    "id": 274,
    "nombre": "Nuzleaf",
    "tipo": "Planta/Siniestro",
    "habilidades": "Clorofila",
    "peso": "28,0 kg",
    "altura": "1,0 m",
    "especie": "Pokémon Astuto",
    "ratioCaptura": 120,
    "habilidadOculta": "Recogida",
    "imagen": "https://raw.githubusercontent.com/PokeAPI/sprites/master/sprites/pokemon/other/official-artwork/274.png",
    "atrapado": false
  },
  {
    "id": 275,
    "nombre": "Shiftry",
    "tipo": "Planta/Siniestro",
    "habilidades": "Clorofila",
    "peso": "59,6 kg",
    "altura": "1,3 m",
    "especie": "Pokémon Malvado",
    "ratioCaptura": 45,
    "habilidadOculta": "Recogida",
    "imagen": "https://raw.githubusercontent.com/PokeAPI/sprites/master/sprites/pokemon/other/official-artwork/275.png",
    "atrapado": false
  },
  {
    "id": 276,
    "nombre": "Taillow",
    "tipo": "Normal/Volador",
    "habilidades": "Agallas",
    "peso": "2,3 kg",
    "altura": "0,3 m",
    "especie": "Pokémon Gorrión",
    "ratioCaptura": 200,
    "habilidadOculta": "Cacheo",
    "imagen": "https://raw.githubusercontent.com/PokeAPI/sprites/master/sprites/pokemon/other/official-artwork/276.png",
    "atrapado": false
  },
  {
    "id": 277,
    "nombre": "Swellow",
    "tipo": "Normal/Volador",
    "habilidades": "Agallas",
    "peso": "19,8 kg",
    "altura": "0,7 m",
    "especie": "Pokémon Golondrina",
    "ratioCaptura": 45,
    "habilidadOculta": "Cacheo",
    "imagen": "https://raw.githubusercontent.com/PokeAPI/sprites/master/sprites/pokemon/other/official-artwork/277.png",
    "atrapado": false
  },
  {
    "id": 278,
    "nombre": "Wingull",
    "tipo": "Agua/Volador",
    "habilidades": "Vista Lince",
    "peso": "9,5 kg",
    "altura": "0,6 m",
    "especie": "Pokémon Gaviota",
    "ratioCaptura": 190,
    "habilidadOculta": "Cura Lluvia",
    "imagen": "https://raw.githubusercontent.com/PokeAPI/sprites/master/sprites/pokemon/other/official-artwork/278.png",
    "atrapado": false
  },
  {
    "id": 279,
    "nombre": "Pelipper",
    "tipo": "Agua/Volador",
    "habilidades": "Vista Lince",
    "peso": "28,0 kg",
    "altura": "1,2 m",
    "especie": "Pokémon Pelícano",
    "ratioCaptura": 45,
    "habilidadOculta": "Cura Lluvia",
    "imagen": "https://raw.githubusercontent.com/PokeAPI/sprites/master/sprites/pokemon/other/official-artwork/279.png",
    "atrapado": false
  },
  {
    "id": 280,
    "nombre": "Ralts",
    "tipo": "Psíquico/Hada",
    "habilidades": "Sincronía",
    "peso": "6,6 kg",
    "altura": "0,4 m",
    "especie": "Pokémon Sentimiento",
    "ratioCaptura": 235,
    "habilidadOculta": "Telepático",
    "imagen": "https://raw.githubusercontent.com/PokeAPI/sprites/master/sprites/pokemon/other/official-artwork/280.png",
    "atrapado": false
  },
  {
    "id": 281,
    "nombre": "Kirlia",
    "tipo": "Psíquico/Hada",
    "habilidades": "Sincronía",
    "peso": "20,2 kg",
    "altura": "0,8 m",
    "especie": "Pokémon Emoción",
    "ratioCaptura": 120,
    "habilidadOculta": "Telepático",
    "imagen": "https://raw.githubusercontent.com/PokeAPI/sprites/master/sprites/pokemon/other/official-artwork/281.png",
    "atrapado": false
  },
  {
    "id": 282,
    "nombre": "Gardevoir",
    "tipo": "Psíquico/Hada",
    "habilidades": "Sincronía",
    "peso": "48,4 kg",
    "altura": "1,6 m",
    "especie": "Pokémon Abrazo",
    "ratioCaptura": 45,
    "habilidadOculta": "Telepático",
    "imagen": "https://raw.githubusercontent.com/PokeAPI/sprites/master/sprites/pokemon/other/official-artwork/282.png",
    "atrapado": false
  },
  {
    "id": 283,
    "nombre": "Surskit",
    "tipo": "Bicho/Agua",
    "habilidades": "Nado Rápido",
    "peso": "1,7 kg",
    "altura": "0,5 m",
    "especie": "Pokémon Zancudo",
    "ratioCaptura": 200,
    "habilidadOculta": "Cura Lluvia",
    "imagen": "https://raw.githubusercontent.com/PokeAPI/sprites/master/sprites/pokemon/other/official-artwork/283.png",
    "atrapado": false
  },
  {
    "id": 284,
    "nombre": "Masquerain",
    "tipo": "Bicho/Volador",
    "habilidades": "Intimidación",
    "peso": "3,6 kg",
    "altura": "0,8 m",
    "especie": "Pokémon Bola Ocular",
    "ratioCaptura": 75,
    "habilidadOculta": "Nerviosismo",
    "imagen": "https://raw.githubusercontent.com/PokeAPI/sprites/master/sprites/pokemon/other/official-artwork/284.png",
    "atrapado": false
  },
  {
    "id": 285,
    "nombre": "Shroomish",
    "tipo": "Planta",
    "habilidades": "Efecto Espora",
    "peso": "4,5 kg",
    "altura": "0,4 m",
    "especie": "Pokémon Hongo",
    "ratioCaptura": 255,
    "habilidadOculta": "Impulso",
    "imagen": "https://raw.githubusercontent.com/PokeAPI/sprites/master/sprites/pokemon/other/official-artwork/285.png",
    "atrapado": false
  },
  {
    "id": 286,
    "nombre": "Breloom",
    "tipo": "Planta/Lucha",
    "habilidades": "Efecto Espora",
    "peso": "39,2 kg",
    "altura": "1,2 m",
    "especie": "Pokémon Hongo",
    "ratioCaptura": 90,
    "habilidadOculta": "Técnico",
    "imagen": "https://raw.githubusercontent.com/PokeAPI/sprites/master/sprites/pokemon/other/official-artwork/286.png",
    "atrapado": false
  },
  {
    "id": 287,
    "nombre": "Slakoth",
    "tipo": "Normal",
    "habilidades": "Ausente",
    "peso": "24,0 kg",
    "altura": "0,8 m",
    "especie": "Pokémon Holgazán",
    "ratioCaptura": 255,
    "habilidadOculta": "Ausente",
    "imagen": "https://raw.githubusercontent.com/PokeAPI/sprites/master/sprites/pokemon/other/official-artwork/287.png",
    "atrapado": false
  },
  {
    "id": 288,
    "nombre": "Vigoroth",
    "tipo": "Normal",
    "habilidades": "Espíritu Vital",
    "peso": "46,5 kg",
    "altura": "1,4 m",
    "especie": "Pokémon Monomaniaco",
    "ratioCaptura": 120,
    "habilidadOculta": "Espíritu Vital",
    "imagen": "https://raw.githubusercontent.com/PokeAPI/sprites/master/sprites/pokemon/other/official-artwork/288.png",
    "atrapado": false
  },
  {
    "id": 289,
    "nombre": "Slaking",
    "tipo": "Normal",
    "habilidades": "Ausente",
    "peso": "130,5 kg",
    "altura": "2,0 m",
    "especie": "Pokémon Perezoso",
    "ratioCaptura": 45,
    "habilidadOculta": "Ausente",
    "imagen": "https://raw.githubusercontent.com/PokeAPI/sprites/master/sprites/pokemon/other/official-artwork/289.png",
    "atrapado": false
  },
  {
    "id": 290,
    "nombre": "Nincada",
    "tipo": "Bicho/Tierra",
    "habilidades": "Ojo Compuesto",
    "peso": "5,5 kg",
    "altura": "0,5 m",
    "especie": "Pokémon Aprendiz",
    "ratioCaptura": 255,
    "habilidadOculta": "Fuga",
    "imagen": "https://raw.githubusercontent.com/PokeAPI/sprites/master/sprites/pokemon/other/official-artwork/290.png",
    "atrapado": false
  },
  {
    "id": 291,
    "nombre": "Ninjask",
    "tipo": "Bicho/Volador",
    "habilidades": "Impulso",
    "peso": "12,0 kg",
    "altura": "0,8 m",
    "especie": "Pokémon Ninja",
    "ratioCaptura": 120,
    "habilidadOculta": "Allanamiento",
    "imagen": "https://raw.githubusercontent.com/PokeAPI/sprites/master/sprites/pokemon/other/official-artwork/291.png",
    "atrapado": false
  },
  {
    "id": 292,
    "nombre": "Shedinja",
    "tipo": "Bicho/Fantasma",
    "habilidades": "Superguarda",
    "peso": "1,2 kg",
    "altura": "0,8 m",
    "especie": "Pokémon Muda",
    "ratioCaptura": 45,
    "habilidadOculta": "Superguarda",
    "imagen": "https://raw.githubusercontent.com/PokeAPI/sprites/master/sprites/pokemon/other/official-artwork/292.png",
    "atrapado": false
  },
  {
    "id": 293,
    "nombre": "Whismur",
    "tipo": "Normal",
    "habilidades": "Insonorizar",
    "peso": "16,3 kg",
    "altura": "0,6 m",
    "especie": "Pokémon Susurro",
    "ratioCaptura": 190,
    "habilidadOculta": "Cobardía",
    "imagen": "https://raw.githubusercontent.com/PokeAPI/sprites/master/sprites/pokemon/other/official-artwork/293.png",
    "atrapado": false
  },
  {
    "id": 294,
    "nombre": "Loudred",
    "tipo": "Normal",
    "habilidades": "Insonorizar",
    "peso": "40,5 kg",
    "altura": "1,0 m",
    "especie": "Pokémon Vocerío",
    "ratioCaptura": 120,
    "habilidadOculta": "Cacheo",
    "imagen": "https://raw.githubusercontent.com/PokeAPI/sprites/master/sprites/pokemon/other/official-artwork/294.png",
    "atrapado": false
  },
  {
    "id": 295,
    "nombre": "Exploud",
    "tipo": "Normal",
    "habilidades": "Insonorizar",
    "peso": "84,0 kg",
    "altura": "1,5 m",
    "especie": "Pokémon Escandaloso",
    "ratioCaptura": 45,
    "habilidadOculta": "Cacheo",
    "imagen": "https://raw.githubusercontent.com/PokeAPI/sprites/master/sprites/pokemon/other/official-artwork/295.png",
    "atrapado": false
  },
  {
    "id": 296,
    "nombre": "Makuhita",
    "tipo": "Lucha",
    "habilidades": "Sebo",
    "peso": "86,4 kg",
    "altura": "1,0 m",
    "especie": "Pokémon Valiente",
    "ratioCaptura": 180,
    "habilidadOculta": "Fuerza Bruta",
    "imagen": "https://raw.githubusercontent.com/PokeAPI/sprites/master/sprites/pokemon/other/official-artwork/296.png",
    "atrapado": false
  },
  {
    "id": 297,
    "nombre": "Hariyama",
    "tipo": "Lucha",
    "habilidades": "Sebo",
    "peso": "253,8 kg",
    "altura": "2,3 m",
    "especie": "Pokémon Brazo de Hierro",
    "ratioCaptura": 200,
    "habilidadOculta": "Fuerza Bruta",
    "imagen": "https://raw.githubusercontent.com/PokeAPI/sprites/master/sprites/pokemon/other/official-artwork/297.png",
    "atrapado": false
  },
  {
    "id": 298,
    "nombre": "Azurill",
    "tipo": "Normal/Hada",
    "habilidades": "Sebo",
    "peso": "2,0 kg",
    "altura": "0,2 m",
    "especie": "Pokémon Bolita",
    "ratioCaptura": 150,
    "habilidadOculta": "Herbívoro",
    "imagen": "https://raw.githubusercontent.com/PokeAPI/sprites/master/sprites/pokemon/other/official-artwork/298.png",
    "atrapado": false
  },
  {
    "id": 299,
    "nombre": "Nosepass",
    "tipo": "Roca",
    "habilidades": "Robustez",
    "peso": "97,0 kg",
    "altura": "1,0 m",
    "especie": "Pokémon Brújula",
    "ratioCaptura": 255,
    "habilidadOculta": "Poder Arena",
    "imagen": "https://raw.githubusercontent.com/PokeAPI/sprites/master/sprites/pokemon/other/official-artwork/299.png",
    "atrapado": false
  },
  {
    "id": 202,
    "nombre": "Wobbuffet",
    "tipo": "Psíquico",
    "habilidades": "Sombra Trampa",
    "peso": "28,5 kg",
    "altura": "1,3 m",
    "especie": "Pokémon Paciente",
    "ratioCaptura": 45,
    "habilidadOculta": "Telepático",
    "imagen": "https://raw.githubusercontent.com/PokeAPI/sprites/master/sprites/pokemon/other/official-artwork/202.png",
    "atrapado": false
  },
  {
    "id": 203,
    "nombre": "Girafarig",
    "tipo": "Normal/Psíquico",
    "habilidades": "Foco Interno",
    "peso": "41,5 kg",
    "altura": "1,5 m",
    "especie": "Pokémon Largo Cuello",
    "ratioCaptura": 60,
    "habilidadOculta": "Herbívoro",
    "imagen": "https://raw.githubusercontent.com/PokeAPI/sprites/master/sprites/pokemon/other/official-artwork/203.png",
    "atrapado": false
  },
  {
    "id": 204,
    "nombre": "Pineco",
    "tipo": "Bicho",
    "habilidades": "Robustez",
    "peso": "7,2 kg",
    "altura": "0,6 m",
    "especie": "Pokémon Larva",
    "ratioCaptura": 190,
    "habilidadOculta": "Supersímplex",
    "imagen": "https://raw.githubusercontent.com/PokeAPI/sprites/master/sprites/pokemon/other/official-artwork/204.png",
    "atrapado": false
  },
  {
    "id": 205,
    "nombre": "Forretress",
    "tipo": "Bicho/Acero",
    "habilidades": "Robustez",
    "peso": "125,8 kg",
    "altura": "1,2 m",
    "especie": "Pokémon Larva",
    "ratioCaptura": 75,
    "habilidadOculta": "Supersímplex",
    "imagen": "https://raw.githubusercontent.com/PokeAPI/sprites/master/sprites/pokemon/other/official-artwork/205.png",
    "atrapado": false
  },
  {
    "id": 206,
    "nombre": "Dunsparce",
    "tipo": "Normal",
    "habilidades": "Dicha",
    "peso": "14,0 kg",
    "altura": "1,5 m",
    "especie": "Pokémon Serpiente Tierra",
    "ratioCaptura": 190,
    "habilidadOculta": "Cobardía",
    "imagen": "https://raw.githubusercontent.com/PokeAPI/sprites/master/sprites/pokemon/other/official-artwork/206.png",
    "atrapado": false
  },
  {
    "id": 207,
    "nombre": "Gligar",
    "tipo": "Tierra/Volador",
    "habilidades": "Hiper Corte",
    "peso": "64,8 kg",
    "altura": "1,1 m",
    "especie": "Pokémon Alimosca",
    "ratioCaptura": 60,
    "habilidadOculta": "Inmunidad",
    "imagen": "https://raw.githubusercontent.com/PokeAPI/sprites/master/sprites/pokemon/other/official-artwork/207.png",
    "atrapado": false
  },
  {
    "id": 208,
    "nombre": "Steelix",
    "tipo": "Acero/Tierra",
    "habilidades": "Cabeza Roca",
    "peso": "400,0 kg",
    "altura": "9,2 m",
    "especie": "Pokémon Serpiente Férrea",
    "ratioCaptura": 25,
    "habilidadOculta": "Fuerza Bruta",
    "imagen": "https://raw.githubusercontent.com/PokeAPI/sprites/master/sprites/pokemon/other/official-artwork/208.png",
    "atrapado": false
  },
  {
    "id": 209,
    "nombre": "Snubbull",
    "tipo": "Hada",
    "habilidades": "Intimidación",
    "peso": "7,8 kg",
    "altura": "0,6 m",
    "especie": "Pokémon Hada",
    "ratioCaptura": 190,
    "habilidadOculta": "Cobardía",
    "imagen": "https://raw.githubusercontent.com/PokeAPI/sprites/master/sprites/pokemon/other/official-artwork/209.png",
    "atrapado": false
  },
  {
    "id": 210,
    "nombre": "Granbull",
    "tipo": "Hada",
    "habilidades": "Intimidación",
    "peso": "48,7 kg",
    "altura": "1,4 m",
    "especie": "Pokémon Hada",
    "ratioCaptura": 75,
    "habilidadOculta": "Cobardía",
    "imagen": "https://raw.githubusercontent.com/PokeAPI/sprites/master/sprites/pokemon/other/official-artwork/210.png",
    "atrapado": false
  },
  {
    "id": 211,
    "nombre": "Qwilfish",
    "tipo": "Agua/Veneno",
    "habilidades": "Punto Tóxico",
    "peso": "3,9 kg",
    "altura": "0,5 m",
    "especie": "Pokémon Globo",
    "ratioCaptura": 45,
    "habilidadOculta": "Intimidación",
    "imagen": "https://raw.githubusercontent.com/PokeAPI/sprites/master/sprites/pokemon/other/official-artwork/211.png",
    "atrapado": false
  },
  {
    "id": 212,
    "nombre": "Scizor",
    "tipo": "Bicho/Acero",
    "habilidades": "Enjambre",
    "peso": "118,0 kg",
    "altura": "1,8 m",
    "especie": "Pokémon Pinza",
    "ratioCaptura": 25,
    "habilidadOculta": "Técnico",
    "imagen": "https://raw.githubusercontent.com/PokeAPI/sprites/master/sprites/pokemon/other/official-artwork/212.png",
    "atrapado": false
  },
  {
    "id": 213,
    "nombre": "Shuckle",
    "tipo": "Bicho/Roca",
    "habilidades": "Robustez",
    "peso": "20,5 kg",
    "altura": "0,6 m",
    "especie": "Pokémon Moho",
    "ratioCaptura": 190,
    "habilidadOculta": "Antídoto",
    "imagen": "https://raw.githubusercontent.com/PokeAPI/sprites/master/sprites/pokemon/other/official-artwork/213.png",
    "atrapado": false
  },
  {
    "id": 214,
    "nombre": "Heracross",
    "tipo": "Bicho/Lucha",
    "habilidades": "Enjambre",
    "peso": "54,0 kg",
    "altura": "1,5 m",
    "especie": "Pokémon Unicornio",
    "ratioCaptura": 45,
    "habilidadOculta": "Autoestima",
    "imagen": "https://raw.githubusercontent.com/PokeAPI/sprites/master/sprites/pokemon/other/official-artwork/214.png",
    "atrapado": false
  },
  {
    "id": 215,
    "nombre": "Sneasel",
    "tipo": "Siniestro/Hielo",
    "habilidades": "Foco Interno",
    "peso": "28,0 kg",
    "altura": "0,9 m",
    "especie": "Pokémon Garra Filo",
    "ratioCaptura": 60,
    "habilidadOculta": "Robo",
    "imagen": "https://raw.githubusercontent.com/PokeAPI/sprites/master/sprites/pokemon/other/official-artwork/215.png",
    "atrapado": false
  },
  {
    "id": 216,
    "nombre": "Teddiursa",
    "tipo": "Normal",
    "habilidades": "Recogida",
    "peso": "8,8 kg",
    "altura": "0,6 m",
    "especie": "Pokémon Osito",
    "ratioCaptura": 120,
    "habilidadOculta": "Fachada",
    "imagen": "https://raw.githubusercontent.com/PokeAPI/sprites/master/sprites/pokemon/other/official-artwork/216.png",
    "atrapado": false
  },
  {
    "id": 217,
    "nombre": "Ursaring",
    "tipo": "Normal",
    "habilidades": "Agallas",
    "peso": "125,8 kg",
    "altura": "1,8 m",
    "especie": "Pokémon Hibernador",
    "ratioCaptura": 60,
    "habilidadOculta": "Nerviosismo",
    "imagen": "https://raw.githubusercontent.com/PokeAPI/sprites/master/sprites/pokemon/other/official-artwork/217.png",
    "atrapado": false
  },
  {
    "id": 218,
    "nombre": "Slugma",
    "tipo": "Fuego",
    "habilidades": "Cuerpo Llama",
    "peso": "35,0 kg",
    "altura": "0,7 m",
    "especie": "Pokémon Lava",
    "ratioCaptura": 190,
    "habilidadOculta": "Liviano",
    "imagen": "https://raw.githubusercontent.com/PokeAPI/sprites/master/sprites/pokemon/other/official-artwork/218.png",
    "atrapado": false
  },
  {
    "id": 219,
    "nombre": "Magcargo",
    "tipo": "Fuego/Roca",
    "habilidades": "Cuerpo Llama",
    "peso": "55,0 kg",
    "altura": "0,8 m",
    "especie": "Pokémon Lava",
    "ratioCaptura": 75,
    "habilidadOculta": "Liviano",
    "imagen": "https://raw.githubusercontent.com/PokeAPI/sprites/master/sprites/pokemon/other/official-artwork/219.png",
    "atrapado": false
  },
  {
    "id": 220,
    "nombre": "Swinub",
    "tipo": "Hielo/Tierra",
    "habilidades": "Despiste",
    "peso": "6,5 kg",
    "altura": "0,4 m",
    "especie": "Pokémon Cerdo",
    "ratioCaptura": 225,
    "habilidadOculta": "Sebo",
    "imagen": "https://raw.githubusercontent.com/PokeAPI/sprites/master/sprites/pokemon/other/official-artwork/220.png",
    "atrapado": false
  },
  {
    "id": 221,
    "nombre": "Piloswine",
    "tipo": "Hielo/Tierra",
    "habilidades": "Despiste",
    "peso": "55,8 kg",
    "altura": "1,1 m",
    "especie": "Pokémon Porcino",
    "ratioCaptura": 75,
    "habilidadOculta": "Sebo",
    "imagen": "https://raw.githubusercontent.com/PokeAPI/sprites/master/sprites/pokemon/other/official-artwork/221.png",
    "atrapado": false
  },
  {
    "id": 222,
    "nombre": "Corsola",
    "tipo": "Agua/Roca",
    "habilidades": "Entusiasmo",
    "peso": "5,0 kg",
    "altura": "0,6 m",
    "especie": "Pokémon Coral",
    "ratioCaptura": 60,
    "habilidadOculta": "Regeneración",
    "imagen": "https://raw.githubusercontent.com/PokeAPI/sprites/master/sprites/pokemon/other/official-artwork/222.png",
    "atrapado": false
  },
  {
    "id": 223,
    "nombre": "Remoraid",
    "tipo": "Agua",
    "habilidades": "Entusiasmo",
    "peso": "12,0 kg",
    "altura": "0,6 m",
    "especie": "Pokémon Reactor",
    "ratioCaptura": 190,
    "habilidadOculta": "Algarabía",
    "imagen": "https://raw.githubusercontent.com/PokeAPI/sprites/master/sprites/pokemon/other/official-artwork/223.png",
    "atrapado": false
  },
  {
    "id": 224,
    "nombre": "Octillery",
    "tipo": "Agua",
    "habilidades": "Ventosas",
    "peso": "28,5 kg",
    "altura": "0,9 m",
    "especie": "Pokémon Reactor",
    "ratioCaptura": 75,
    "habilidadOculta": "Algarabía",
    "imagen": "https://raw.githubusercontent.com/PokeAPI/sprites/master/sprites/pokemon/other/official-artwork/224.png",
    "atrapado": false
  },
  {
    "id": 225,
    "nombre": "Delibird",
    "tipo": "Hielo/Volador",
    "habilidades": "Espíritu Vital",
    "peso": "16,0 kg",
    "altura": "0,9 m",
    "especie": "Pokémon Reparto",
    "ratioCaptura": 45,
    "habilidadOculta": "Insomnio",
    "imagen": "https://raw.githubusercontent.com/PokeAPI/sprites/master/sprites/pokemon/other/official-artwork/225.png",
    "atrapado": false
  },
  {
    "id": 226,
    "nombre": "Mantine",
    "tipo": "Agua/Volador",
    "habilidades": "Nado Rápido",
    "peso": "220,0 kg",
    "altura": "2,1 m",
    "especie": "Pokémon Cometa",
    "ratioCaptura": 25,
    "habilidadOculta": "Absorbe Agua",
    "imagen": "https://raw.githubusercontent.com/PokeAPI/sprites/master/sprites/pokemon/other/official-artwork/226.png",
    "atrapado": false
  },
  {
    "id": 227,
    "nombre": "Skarmory",
    "tipo": "Acero/Volador",
    "habilidades": "Vista Lince",
    "peso": "50,5 kg",
    "altura": "1,7 m",
    "especie": "Pokémon Ave Armada",
    "ratioCaptura": 25,
    "habilidadOculta": "Liviano",
    "imagen": "https://raw.githubusercontent.com/PokeAPI/sprites/master/sprites/pokemon/other/official-artwork/227.png",
    "atrapado": false
  },
  {
    "id": 228,
    "nombre": "Houndour",
    "tipo": "Siniestro/Fuego",
    "habilidades": "Madrugar",
    "peso": "10,8 kg",
    "altura": "0,6 m",
    "especie": "Pokémon Siniestro",
    "ratioCaptura": 120,
    "habilidadOculta": "Nerviosismo",
    "imagen": "https://raw.githubusercontent.com/PokeAPI/sprites/master/sprites/pokemon/other/official-artwork/228.png",
    "atrapado": false
  },
  {
    "id": 229,
    "nombre": "Houndoom",
    "tipo": "Siniestro/Fuego",
    "habilidades": "Madrugar",
    "peso": "35,0 kg",
    "altura": "1,4 m",
    "especie": "Pokémon Siniestro",
    "ratioCaptura": 45,
    "habilidadOculta": "Nerviosismo",
    "imagen": "https://raw.githubusercontent.com/PokeAPI/sprites/master/sprites/pokemon/other/official-artwork/229.png",
    "atrapado": false
  },
  {
    "id": 230,
    "nombre": "Kingdra",
    "tipo": "Agua/Dragón",
    "habilidades": "Nado Rápido",
    "peso": "152,0 kg",
    "altura": "1,8 m",
    "especie": "Pokémon Dragón",
    "ratioCaptura": 45,
    "habilidadOculta": "Humedad",
    "imagen": "https://raw.githubusercontent.com/PokeAPI/sprites/master/sprites/pokemon/other/official-artwork/230.png",
    "atrapado": false
  },
  {
    "id": 231,
    "nombre": "Phanpy",
    "tipo": "Tierra",
    "habilidades": "Recogida",
    "peso": "33,5 kg",
    "altura": "0,5 m",
    "especie": "Pokémon Nariz Larga",
    "ratioCaptura": 120,
    "habilidadOculta": "Poder Arena",
    "imagen": "https://raw.githubusercontent.com/PokeAPI/sprites/master/sprites/pokemon/other/official-artwork/231.png",
    "atrapado": false
  },
  {
    "id": 232,
    "nombre": "Donphan",
    "tipo": "Tierra",
    "habilidades": "Robustez",
    "peso": "120,0 kg",
    "altura": "1,1 m",
    "especie": "Pokémon Armadura",
    "ratioCaptura": 60,
    "habilidadOculta": "Poder Arena",
    "imagen": "https://raw.githubusercontent.com/PokeAPI/sprites/master/sprites/pokemon/other/official-artwork/232.png",
    "atrapado": false
  },
  {
    "id": 233,
    "nombre": "Porygon2",
    "tipo": "Normal",
    "habilidades": "Calco",
    "peso": "32,5 kg",
    "altura": "0,6 m",
    "especie": "Pokémon Virtual",
    "ratioCaptura": 45,
    "habilidadOculta": "Análisis",
    "imagen": "https://raw.githubusercontent.com/PokeAPI/sprites/master/sprites/pokemon/other/official-artwork/233.png",
    "atrapado": false
  },
  {
    "id": 234,
    "nombre": "Stantler",
    "tipo": "Normal",
    "habilidades": "Intimidación",
    "peso": "71,2 kg",
    "altura": "1,4 m",
    "especie": "Pokémon Cuerno Grande",
    "ratioCaptura": 45,
    "habilidadOculta": "Herbívoro",
    "imagen": "https://raw.githubusercontent.com/PokeAPI/sprites/master/sprites/pokemon/other/official-artwork/234.png",
    "atrapado": false
  },
  {
    "id": 235,
    "nombre": "Smeargle",
    "tipo": "Normal",
    "habilidades": "Ritmo Propio",
    "peso": "58,0 kg",
    "altura": "1,2 m",
    "especie": "Pokémon Pintor",
    "ratioCaptura": 45,
    "habilidadOculta": "Algarabía",
    "imagen": "https://raw.githubusercontent.com/PokeAPI/sprites/master/sprites/pokemon/other/official-artwork/235.png",
    "atrapado": false
  },
  {
    "id": 236,
    "nombre": "Tyrogue",
    "tipo": "Lucha",
    "habilidades": "Agallas",
    "peso": "21,0 kg",
    "altura": "0,7 m",
    "especie": "Pokémon Peleador",
    "ratioCaptura": 75,
    "habilidadOculta": "Espíritu Vital",
    "imagen": "https://raw.githubusercontent.com/PokeAPI/sprites/master/sprites/pokemon/other/official-artwork/236.png",
    "atrapado": false
  },
  {
    "id": 237,
    "nombre": "Hitmontop",
    "tipo": "Lucha",
    "habilidades": "Intimidación",
    "peso": "48,0 kg",
    "altura": "1,4 m",
    "especie": "Pokémon Boca Abajo",
    "ratioCaptura": 45,
    "habilidadOculta": "Impasible",
    "imagen": "https://raw.githubusercontent.com/PokeAPI/sprites/master/sprites/pokemon/other/official-artwork/237.png",
    "atrapado": false
  },
  {
    "id": 238,
    "nombre": "Smoochum",
    "tipo": "Hielo/Psíquico",
    "habilidades": "Despiste",
    "peso": "6,0 kg",
    "altura": "0,4 m",
    "especie": "Pokémon Beso",
    "ratioCaptura": 45,
    "habilidadOculta": "Hidratación",
    "imagen": "https://raw.githubusercontent.com/PokeAPI/sprites/master/sprites/pokemon/other/official-artwork/238.png",
    "atrapado": false
  },
  {
    "id": 239,
    "nombre": "Elekid",
    "tipo": "Eléctrico",
    "habilidades": "Electricidad Estática",
    "peso": "23,5 kg",
    "altura": "0,6 m",
    "especie": "Pokémon Eléctrico",
    "ratioCaptura": 45,
    "habilidadOculta": "Espíritu Vital",
    "imagen": "https://raw.githubusercontent.com/PokeAPI/sprites/master/sprites/pokemon/other/official-artwork/239.png",
    "atrapado": false
  },
  {
    "id": 240,
    "nombre": "Magby",
    "tipo": "Fuego",
    "habilidades": "Cuerpo Llama",
    "peso": "21,4 kg",
    "altura": "0,7 m",
    "especie": "Pokémon Ascua",
    "ratioCaptura": 45,
    "habilidadOculta": "Espíritu Vital",
    "imagen": "https://raw.githubusercontent.com/PokeAPI/sprites/master/sprites/pokemon/other/official-artwork/240.png",
    "atrapado": false
  },
  {
    "id": 241,
    "nombre": "Miltank",
    "tipo": "Normal",
    "habilidades": "Sebo",
    "peso": "75,5 kg",
    "altura": "1,2 m",
    "especie": "Pokémon Vaca Lechera",
    "ratioCaptura": 45,
    "habilidadOculta": "Herbívoro",
    "imagen": "https://raw.githubusercontent.com/PokeAPI/sprites/master/sprites/pokemon/other/official-artwork/241.png",
    "atrapado": false
  },
  {
    "id": 242,
    "nombre": "Blissey",
    "tipo": "Normal",
    "habilidades": "Dicha",
    "peso": "46,8 kg",
    "altura": "1,5 m",
    "especie": "Pokémon Felicidad",
    "ratioCaptura": 30,
    "habilidadOculta": "Alma Cura",
    "imagen": "https://raw.githubusercontent.com/PokeAPI/sprites/master/sprites/pokemon/other/official-artwork/242.png",
    "atrapado": false
  },
  {
    "id": 243,
    "nombre": "Raikou",
    "tipo": "Eléctrico",
    "habilidades": "Presión",
    "peso": "178,0 kg",
    "altura": "1,9 m",
    "especie": "Pokémon Trueno",
    "ratioCaptura": 3,
    "habilidadOculta": "Foco Interno",
    "imagen": "https://raw.githubusercontent.com/PokeAPI/sprites/master/sprites/pokemon/other/official-artwork/243.png",
    "atrapado": false
  },
  {
    "id": 244,
    "nombre": "Entei",
    "tipo": "Fuego",
    "habilidades": "Presión",
    "peso": "198,0 kg",
    "altura": "2,1 m",
    "especie": "Pokémon Volcán",
    "ratioCaptura": 3,
    "habilidadOculta": "Foco Interno",
    "imagen": "https://raw.githubusercontent.com/PokeAPI/sprites/master/sprites/pokemon/other/official-artwork/244.png",
    "atrapado": false
  },
  {
    "id": 245,
    "nombre": "Suicune",
    "tipo": "Agua",
    "habilidades": "Presión",
    "peso": "187,0 kg",
    "altura": "2,0 m",
    "especie": "Pokémon Aurora",
    "ratioCaptura": 3,
    "habilidadOculta": "Foco Interno",
    "imagen": "https://raw.githubusercontent.com/PokeAPI/sprites/master/sprites/pokemon/other/official-artwork/245.png",
    "atrapado": false
  },
  {
    "id": 246,
    "nombre": "Larvitar",
    "tipo": "Roca/Tierra",
    "habilidades": "Agallas",
    "peso": "72,0 kg",
    "altura": "0,6 m",
    "especie": "Pokémon Piel Roca",
    "ratioCaptura": 45,
    "habilidadOculta": "Poder Arena",
    "imagen": "https://raw.githubusercontent.com/PokeAPI/sprites/master/sprites/pokemon/other/official-artwork/246.png",
    "atrapado": false
  },
  {
    "id": 247,
    "nombre": "Pupitar",
    "tipo": "Roca/Tierra",
    "habilidades": "Mudar",
    "peso": "152,0 kg",
    "altura": "1,2 m",
    "especie": "Pokémon Coraza Dura",
    "ratioCaptura": 45,
    "habilidadOculta": "Mudar",
    "imagen": "https://raw.githubusercontent.com/PokeAPI/sprites/master/sprites/pokemon/other/official-artwork/247.png",
    "atrapado": false
  },
  {
    "id": 248,
    "nombre": "Tyranitar",
    "tipo": "Roca/Siniestro",
    "habilidades": "Chorro Arena",
    "peso": "202,0 kg",
    "altura": "2,0 m",
    "especie": "Pokémon Armadura",
    "ratioCaptura": 45,
    "habilidadOculta": "Nerviosismo",
    "imagen": "https://raw.githubusercontent.com/PokeAPI/sprites/master/sprites/pokemon/other/official-artwork/248.png",
    "atrapado": false
  },
  {
    "id": 249,
    "nombre": "Lugia",
    "tipo": "Psíquico/Volador",
    "habilidades": "Presión",
    "peso": "216,0 kg",
    "altura": "5,2 m",
    "especie": "Pokémon Buceo",
    "ratioCaptura": 3,
    "habilidadOculta": "Multiescamas",
    "imagen": "https://raw.githubusercontent.com/PokeAPI/sprites/master/sprites/pokemon/other/official-artwork/249.png",
    "atrapado": false
  }
]