[
  {
    "id": 301,
    "nombre": "Delcatty",
    "tipo": "Normal",
    "habilidades": "Gran Encanto",
    "peso": "32,6 kg",
    "altura": "1,1 m",
    "especie": "Pokémon Refinado",
    "ratioCaptura": 60,
    "habilidadOculta": "Superguarda",
    "imagen": "https://raw.githubusercontent.com/PokeAPI/sprites/master/sprites/pokemon/other/official-artwork/301.png",
    "atrapado": false
  },
  {
    "id": 302,
    "nombre": "Sableye",
    "tipo": "Siniestro/Fantasma",
    "habilidades": "Vista Lince",
    "peso": "11,0 kg",
    "altura": "0,6 m",
    "especie": "Pokémon Pez",
    "ratioCaptura": 255,
    "habilidadOculta": "Adaptable",
    "imagen": "https://raw.githubusercontent.com/PokeAPI/sprites/master/sprites/pokemon/other/official-artwork/349.png",
    "atrapado": false
  },
  {
    "id": 350,
    "nombre": "Milotic",
    "tipo": "Agua",
    "habilidades": "Tenacidad",
    "peso": "162,0 kg",
    "altura": "6,2 m",
    "especie": "Pokémon Tierno",
    "ratioCaptura": 60,
    "habilidadOculta": "Gran Encanto",
    "imagen": "https://raw.githubusercontent.com/PokeAPI/sprites/master/sprites/pokemon/other/official-artwork/350.png",
    "atrapado": false
  },
  {
    "id": 351,
    "nombre": "Castform",
    "tipo": "Normal",
    "habilidades": "Predicción",
    "peso": "0,8 kg",
    "altura": "0,3 m",
    "especie": "Pokémon Clima",
    "ratioCaptura": 45,
    "habilidadOculta": "Predicción",
    "imagen": "https://raw.githubusercontent.com/PokeAPI/sprites/master/sprites/pokemon/other/official-artwork/351.png",
    "atrapado": false
  },
  {
    "id": 352,
    "nombre": "Kecleon",
    "tipo": "Normal",
    "habilidades": "Cambio Color",
    "peso": "22,0 kg",
    "altura": "1,0 m",
    "especie": "Pokémon Camaleón",
    "ratioCaptura": 200,
    "habilidadOculta": "Mutatipo",
    "imagen": "https://raw.githubusercontent.com/PokeAPI/sprites/master/sprites/pokemon/other/official-artwork/352.png",
    "atrapado": false
  },
  {
    "id": 353,
    "nombre": "Shuppet",
    "tipo": "Fantasma",
    "habilidades": "Insomnio",
    "peso": "2,3 kg",
    "altura": "0,6 m",
    "especie": "Pokémon Marioneta",
    "ratioCaptura": 225,
    "habilidadOculta": "Maldición",
    "imagen": "https://raw.githubusercontent.com/PokeAPI/sprites/master/sprites/pokemon/other/official-artwork/353.png",
    "atrapado": false
  },
  {
    "id": 354,
    "nombre": "Banette",
    "tipo": "Fantasma",
    "habilidades": "Insomnio",
    "peso": "12,5 kg",
    "altura": "1,1 m",
    "especie": "Pokémon Marioneta",
    "ratioCaptura": 45,
    "habilidadOculta": "Maldición",
    "imagen": "https://raw.githubusercontent.com/PokeAPI/sprites/master/sprites/pokemon/other/official-artwork/354.png",
    "atrapado": false
  },
  {
    "id": 355,
    "nombre": "Duskull",
    "tipo": "Fantasma",
    "habilidades": "Levitación",
    "peso": "15,0 kg",
    "altura": "0,8 m",
    "especie": "Pokémon Réquiem",
    "ratioCaptura": 190,
    "habilidadOculta": "Entusiasmo",
    "imagen": "https://raw.githubusercontent.com/PokeAPI/sprites/master/sprites/pokemon/other/official-artwork/355.png",
    "atrapado": false
  },
  {
    "id": 356,
    "nombre": "Dusclops",
    "tipo": "Fantasma",
    "habilidades": "Presión",
    "peso": "30,6 kg",
    "altura": "1,6 m",
    "especie": "Pokémon Atrae",
    "ratioCaptura": 90,
    "habilidadOculta": "Entusiasmo",
    "imagen": "https://raw.githubusercontent.com/PokeAPI/sprites/master/sprites/pokemon/other/official-artwork/356.png",
    "atrapado": false
  },
  {
    "id": 357,
    "nombre": "Tropius",
    "tipo": "Planta/Volador",
    "habilidades": "Clorofila",
    "peso": "100,0 kg",
    "altura": "2,0 m",
    "especie": "Pokémon Fruta",
    "ratioCaptura": 200,
    "habilidadOculta": "Cosecha",
    "imagen": "https://raw.githubusercontent.com/PokeAPI/sprites/master/sprites/pokemon/other/official-artwork/357.png",
    "atrapado": false
  },
  {
    "id": 358,
    "nombre": "Chimecho",
    "tipo": "Psíquico",
    "habilidades": "Levitación",
    "peso": "1,0 kg",
    "altura": "0,6 m",
    "especie": "Pokémon Viento",
    "ratioCaptura": 45,
    "habilidadOculta": "Levitación",
    "imagen": "https://raw.githubusercontent.com/PokeAPI/sprites/master/sprites/pokemon/other/official-artwork/358.png",
    "atrapado": false
  },
  {
    "id": 359,
    "nombre": "Absol",
    "tipo": "Siniestro",
    "habilidades": "Presión",
    "peso": "47,0 kg",
    "altura": "1,2 m",
    "especie": "Pokémon Catástrofe",
    "ratioCaptura": 30,
    "habilidadOculta": "Justiciero",
    "imagen": "https://raw.githubusercontent.com/PokeAPI/sprites/master/sprites/pokemon/other/official-artwork/359.png",
    "atrapado": false
  },
  {
    "id": 360,
    "nombre": "Wynaut",
    "tipo": "Psíquico",
    "habilidades": "Sombra Trampa",
    "peso": "14,0 kg",
    "altura": "0,6 m",
    "especie": "Pokémon Brillante",
    "ratioCaptura": 125,
    "habilidadOculta": "Telepático",
    "imagen": "https://raw.githubusercontent.com/PokeAPI/sprites/master/sprites/pokemon/other/official-artwork/360.png",
    "atrapado": false
  },
  {
    "id": 361,
    "nombre": "Snorunt",
    "tipo": "Hielo",
    "habilidades": "Foco Interno",
    "peso": "16,8 kg",
    "altura": "0,7 m",
    "especie": "Pokémon Gorro de Nieve",
    "ratioCaptura": 190,
    "habilidadOculta": "Algarabía",
    "imagen": "https://raw.githubusercontent.com/PokeAPI/sprites/master/sprites/pokemon/other/official-artwork/361.png",
    "atrapado": false
  },
  {
    "id": 362,
    "nombre": "Glalie",
    "tipo": "Hielo",
    "habilidades": "Foco Interno",
    "peso": "256,5 kg",
    "altura": "1,5 m",
    "especie": "Pokémon Cara",
    "ratioCaptura": 75,
    "habilidadOculta": "Algarabía",
    "imagen": "https://raw.githubusercontent.com/PokeAPI/sprites/master/sprites/pokemon/other/official-artwork/362.png",
    "atrapado": false
  },
  {
    "id": 363,
    "nombre": "Spheal",
    "tipo": "Hielo/Agua",
    "habilidades": "Sebo",
    "peso": "39,5 kg",
    "altura": "0,8 m",
    "especie": "Pokémon Palmípedo",
    "ratioCaptura": 255,
    "habilidadOculta": "Despiste",
    "imagen": "https://raw.githubusercontent.com/PokeAPI/sprites/master/sprites/pokemon/other/official-artwork/363.png",
    "atrapado": false
  },
  {
    "id": 364,
    "nombre": "Sealeo",
    "tipo": "Hielo/Agua",
    "habilidades": "Sebo",
    "peso": "87,6 kg",
    "altura": "1,1 m",
    "especie": "Pokémon Rodabola",
    "ratioCaptura": 120,
    "habilidadOculta": "Despiste",
    "imagen": "https://raw.githubusercontent.com/PokeAPI/sprites/master/sprites/pokemon/other/official-artwork/364.png",
    "atrapado": false
  },
  {
    "id": 365,
    "nombre": "Walrein",
    "tipo": "Hielo/Agua",
    "habilidades": "Sebo",
    "peso": "150,6 kg",
    "altura": "1,4 m",
    "especie": "Pokémon Rompe Hielos",
    "ratioCaptura": 45,
    "habilidadOculta": "Despiste",
    "imagen": "https://raw.githubusercontent.com/PokeAPI/sprites/master/sprites/pokemon/other/official-artwork/365.png",
    "atrapado": false
  },
  {
    "id": 366,
    "nombre": "Clamperl",
    "tipo": "Agua",
    "habilidades": "Caparazón",
    "peso": "52,5 kg",
    "altura": "0,4 m",
    "especie": "Pokémon Bivalvo",
    "ratioCaptura": 255,
    "habilidadOculta": "Cobardía",
    "imagen": "https://raw.githubusercontent.com/PokeAPI/sprites/master/sprites/pokemon/other/official-artwork/366.png",
    "atrapado": false
  },
  {
    "id": 367,
    "nombre": "Huntail",
    "tipo": "Agua",
    "habilidades": "Nado Rápido",
    "peso": "27,0 kg",
    "altura": "1,7 m",
    "especie": "Pokémon Abisal",
    "ratioCaptura": 60,
    "habilidadOculta": "Absorbe Agua",
    "imagen": "https://raw.githubusercontent.com/PokeAPI/sprites/master/sprites/pokemon/other/official-artwork/367.png",
    "atrapado": false
  },
  {
    "id": 368,
    "nombre": "Gorebyss",
    "tipo": "Agua",
    "habilidades": "Nado Rápido",
    "peso": "22,6 kg",
    "altura": "1,8 m",
    "especie": "Pokémon Mar del Sur",
    "ratioCaptura": 60,
    "habilidadOculta": "Hidratación",
    "imagen": "https://raw.githubusercontent.com/PokeAPI/sprites/master/sprites/pokemon/other/official-artwork/368.png",
    "atrapado": false
  },
  {
    "id": 369,
    "nombre": "Relicanth",
    "tipo": "Agua/Roca",
    "habilidades": "Nado Rápido",
    "peso": "23,4 kg",
    "altura": "1,0 m",
    "especie": "Pokémon Longevo",
    "ratioCaptura": 25,
    "habilidadOculta": "Robustez",
    "imagen": "https://raw.githubusercontent.com/PokeAPI/sprites/master/sprites/pokemon/other/official-artwork/369.png",
    "atrapado": false
  },
  {
    "id": 370,
    "nombre": "Luvdisc",
    "tipo": "Agua",
    "habilidades": "Nado Rápido",
    "peso": "8,7 kg",
    "altura": "0,6 m",
    "especie": "Pokémon Cita",
    "ratioCaptura": 225,
    "habilidadOculta": "Hidratación",
    "imagen": "https://raw.githubusercontent.com/PokeAPI/sprites/master/sprites/pokemon/other/official-artwork/370.png",
    "atrapado": false
  },
  {
    "id": 371,
    "nombre": "Bagon",
    "tipo": "Dragón",
    "habilidades": "Cabeza Roca",
    "peso": "42,1 kg",
    "altura": "0,6 m",
    "especie": "Pokémon Cabeza Roca",
    "ratioCaptura": 45,
    "habilidadOculta": "Fuerza Bruta",
    "imagen": "https://raw.githubusercontent.com/PokeAPI/sprites/master/sprites/pokemon/other/official-artwork/371.png",
    "atrapado": false
  },
  {
    "id": 372,
    "nombre": "Shelgon",
    "tipo": "Dragón",
    "habilidades": "Cabeza Roca",
    "peso": "110,5 kg",
    "altura": "1,1 m",
    "especie": "Pokémon Resistencia",
    "ratioCaptura": 45,
    "habilidadOculta": "Supersímplex",
    "imagen": "https://raw.githubusercontent.com/PokeAPI/sprites/master/sprites/pokemon/other/official-artwork/372.png",
    "atrapado": false
  },
  {
    "id": 373,
    "nombre": "Salamence",
    "tipo": "Dragón/Volador",
    "habilidades": "Intimidación",
    "peso": "102,6 kg",
    "altura": "1,5 m",
    "especie": "Pokémon Dragón",
    "ratioCaptura": 45,
    "habilidadOculta": "Autoestima",
    "imagen": "https://raw.githubusercontent.com/PokeAPI/sprites/master/sprites/pokemon/other/official-artwork/373.png",
    "atrapado": false
  },
  {
    "id": 374,
    "nombre": "Beldum",
    "tipo": "Acero/Psíquico",
    "habilidades": "Cuerpo Puro",
    "peso": "95,2 kg",
    "altura": "0,6 m",
    "especie": "Pokémon Bola de Hierro",
    "ratioCaptura": 3,
    "habilidadOculta": "Liviano",
    "imagen": "https://raw.githubusercontent.com/PokeAPI/sprites/master/sprites/pokemon/other/official-artwork/374.png",
    "atrapado": false
  },
  {
    "id": 375,
    "nombre": "Metang",
    "tipo": "Acero/Psíquico",
    "habilidades": "Cuerpo Puro",
    "peso": "202,5 kg",
    "altura": "1,2 m",
    "especie": "Pokémon Garra de Hierro",
    "ratioCaptura": 3,
    "habilidadOculta": "Liviano",
    "imagen": "https://raw.githubusercontent.com/PokeAPI/sprites/master/sprites/pokemon/other/official-artwork/375.png",
    "atrapado": false
  },
  {
    "id": 376,
    "nombre": "Metagross",
    "tipo": "Acero/Psíquico",
    "habilidades": "Cuerpo Puro",
    "peso": "550,0 kg",
    "altura": "1,6 m",
    "especie": "Pokémon Pata de Hierro",
    "ratioCaptura": 3,
    "habilidadOculta": "Liviano",
    "imagen": "https://raw.githubusercontent.com/PokeAPI/sprites/master/sprites/pokemon/other/official-artwork/376.png",
    "atrapado": false
  },
  {
    "id": 377,
    "nombre": "Regirock",
    "tipo": "Roca",
    "habilidades": "Cuerpo Puro",
    "peso": "230,0 kg",
    "altura": "1,7 m",
    "especie": "Pokémon Pico Roca",
    "ratioCaptura": 3,
    "habilidadOculta": "Robustez",
    "imagen": "https://raw.githubusercontent.com/PokeAPI/sprites/master/sprites/pokemon/other/official-artwork/377.png",
    "atrapado": false
  },
  {
    "id": 378,
    "nombre": "Regice",
    "tipo": "Hielo",
    "habilidades": "Cuerpo Puro",
    "peso": "175,0 kg",
    "altura": "1,8 m",
    "especie": "Pokémon Iceberg",
    "ratioCaptura": 3,
    "habilidadOculta": "Cuerpo Hielo",
    "imagen": "https://raw.githubusercontent.com/PokeAPI/sprites/master/sprites/pokemon/other/official-artwork/378.png",
    "atrapado": false
  },
  {
    "id": 379,
    "nombre": "Registeel",
    "tipo": "Acero",
    "habilidades": "Cuerpo Puro",
    "peso": "205,0 kg",
    "altura": "1,9 m",
    "especie": "Pokémon Hierro",
    "ratioCaptura": 3,
    "habilidadOculta": "Liviano",
    "imagen": "https://raw.githubusercontent.com/PokeAPI/sprites/master/sprites/pokemon/other/official-artwork/379.png",
    "atrapado": false
  },
  {
    "id": 380,
    "nombre": "Latias",
    "tipo": "Dragón/Psíquico",
    "habilidades": "Levitación",
    "peso": "40,0 kg",
    "altura": "1,4 m",
    "especie": "Pokémon Eón",
    "ratioCaptura": 3,
    "habilidadOculta": "Levitación",
    "imagen": "https://raw.githubusercontent.com/PokeAPI/sprites/master/sprites/pokemon/other/official-artwork/380.png",
    "atrapado": false
  },
  {
    "id": 381,
    "nombre": "Latios",
    "tipo": "Dragón/Psíquico",
    "habilidades": "Levitación",
    "peso": "60,0 kg",
    "altura": "2,0 m",
    "especie": "Pokémon Eón",
    "ratioCaptura": 3,
    "habilidadOculta": "Levitación",
    "imagen": "https://raw.githubusercontent.com/PokeAPI/sprites/master/sprites/pokemon/other/official-artwork/381.png",
    "atrapado": false
  },
  {
    "id": 382,
    "nombre": "Kyogre",
    "tipo": "Agua",
    "habilidades": "Llovizna",
    "peso": "352,0 kg",
    "altura": "4,5 m",
    "especie": "Pokémon Cuenca Marina",
    "ratioCaptura": 3,
    "habilidadOculta": "Llovizna",
    "imagen": "https://raw.githubusercontent.com/PokeAPI/sprites/master/sprites/pokemon/other/official-artwork/382.png",
    "atrapado": false
  },
  {
    "id": 383,
    "nombre": "Groudon",
    "tipo": "Tierra",
    "habilidades": "Sequía",
    "peso": "950,0 kg",
    "altura": "3,5 m",
    "especie": "Pokémon Continente",
    "ratioCaptura": 3,
    "habilidadOculta": "Sequía",
    "imagen": "https://raw.githubusercontent.com/PokeAPI/sprites/master/sprites/pokemon/other/official-artwork/383.png",
    "atrapado": false
  },
  {
    "id": 384,
    "nombre": "Rayquaza",
    "tipo": "Dragón/Volador",
    "habilidades": "Corriente de Aire",
    "peso": "206,5 kg",
    "altura": "7,0 m",
    "especie": "Pokémon Cielo Alto",
    "ratioCaptura": 3,
    "habilidadOculta": "Corriente de Aire",
    "imagen": "https://raw.githubusercontent.com/PokeAPI/sprites/master/sprites/pokemon/other/official-artwork/384.png",
    "atrapado": false
  },
  {
    "id": 385,
    "nombre": "Jirachi",
    "tipo": "Acero/Psíquico",
    "habilidades": "Dicha",
    "peso": "1,1 kg",
    "altura": "0,3 m",
    "especie": "Pokémon Deseo",
    "ratioCaptura": 3,
    "habilidadOculta": "Dicha",
    "imagen": "https://raw.githubusercontent.com/PokeAPI/sprites/master/sprites/pokemon/other/official-artwork/385.png",
    "atrapado": false
  },
  {
    "id": 386,
    "nombre": "Deoxys",
    "tipo": "Psíquico",
    "habilidades": "Presión",
    "peso": "60,8 kg",
    "altura": "1,7 m",
    "especie": "Pokémon ADN",
    "ratioCaptura": 3,
    "habilidadOculta": "Presión",
    "imagen": "https://raw.githubusercontent.com/PokeAPI/sprites/master/sprites/pokemon/other/official-artwork/386.png",
    "atrapado": false
  },
  {
    "id": 304,
    "nombre": "Aron",
    "tipo": "Acero/Roca",
    "habilidades": "Robustez",
    "peso": "60,0 kg",
    "altura": "0,4 m",
    "especie": "Pokémon Coraza Férrea",
    "ratioCaptura": 180,
    "habilidadOculta": "Cabeza Pesada",
    "imagen": "https://raw.githubusercontent.com/PokeAPI/sprites/master/sprites/pokemon/other/official-artwork/304.png",
    "atrapado": false
  },
  {
    "id": 305,
    "nombre": "Lairon",
    "tipo": "Acero/Roca",
    "habilidades": "Robustez",
    "peso": "120,0 kg",
    "altura": "0,9 m",
    "especie": "Pokémon Coraza Férrea",
    "ratioCaptura": 90,
    "habilidadOculta": "Cabeza Pesada",
    "imagen": "https://raw.githubusercontent.com/PokeAPI/sprites/master/sprites/pokemon/other/official-artwork/305.png",
    "atrapado": false
  },
  {
    "id": 306,
    "nombre": "Aggron",
    "tipo": "Acero/Roca",
    "habilidades": "Robustez",
    "peso": "360,0 kg",
    "altura": "2,1 m",
    "especie": "Pokémon Coraza Férrea",
    "ratioCaptura": 45,
    "habilidadOculta": "Cabeza Pesada",
    "imagen": "https://raw.githubusercontent.com/PokeAPI/sprites/master/sprites/pokemon/other/official-artwork/306.png",
    "atrapado": false
  },
  {
    "id": 307,
    "nombre": "Meditite",
    "tipo": "Lucha/Psíquico",
    "habilidades": "Poder Puro",
    "peso": "11,2 kg",
    "altura": "0,6 m",
    "especie": "Pokémon Meditación",
    "ratioCaptura": 180,
    "habilidadOculta": "Telepático",
    "imagen": "https://raw.githubusercontent.com/PokeAPI/sprites/master/sprites/pokemon/other/official-artwork/307.png",
    "atrapado": false
  },
  {
    "id": 308,
    "nombre": "Medicham",
    "tipo": "Lucha/Psíquico",
    "habilidades": "Poder Puro",
    "peso": "31,5 kg",
    "altura": "1,3 m",
    "especie": "Pokémon Meditación",
    "ratioCaptura": 90,
    "habilidadOculta": "Telepático",
    "imagen": "https://raw.githubusercontent.com/PokeAPI/sprites/master/sprites/pokemon/other/official-artwork/308.png",
    "atrapado": false
  },
  {
    "id": 309,
    "nombre": "Electrike",
    "tipo": "Eléctrico",
    "habilidades": "Electricidad Estática",
    "peso": "15,2 kg",
    "altura": "0,6 m",
    "especie": "Pokémon Relámpago",
    "ratioCaptura": 120,
    "habilidadOculta": "Menos",
    "imagen": "https://raw.githubusercontent.com/PokeAPI/sprites/master/sprites/pokemon/other/official-artwork/309.png",
    "atrapado": false
  },
  {
    "id": 310,
    "nombre": "Manectric",
    "tipo": "Eléctrico",
    "habilidades": "Electricidad Estática",
    "peso": "40,2 kg",
    "altura": "1,5 m",
    "especie": "Pokémon Descarga",
    "ratioCaptura": 45,
    "habilidadOculta": "Menos",
    "imagen": "https://raw.githubusercontent.com/PokeAPI/sprites/master/sprites/pokemon/other/official-artwork/310.png",
    "atrapado": false
  },
  {
    "id": 311,
    "nombre": "Plusle",
    "tipo": "Eléctrico",
    "habilidades": "Más",
    "peso": "4,2 kg",
    "altura": "0,4 m",
    "especie": "Pokémon Ánimo",
    "ratioCaptura": 200,
    "habilidadOculta": "Pararrayos",
    "imagen": "https://raw.githubusercontent.com/PokeAPI/sprites/master/sprites/pokemon/other/official-artwork/311.png",
    "atrapado": false
  },
  {
    "id": 312,
    "nombre": "Minun",
    "tipo": "Eléctrico",
    "habilidades": "Menos",
    "peso": "4,2 kg",
    "altura": "0,4 m",
    "especie": "Pokémon Ánimo",
    "ratioCaptura": 200,
    "habilidadOculta": "Absorbe Electricidad",
    "imagen": "https://raw.githubusercontent.com/PokeAPI/sprites/master/sprites/pokemon/other/official-artwork/312.png",
    "atrapado": false
  },
  {
    "id": 313,
    "nombre": "Volbeat",
    "tipo": "Bicho",
    "habilidades": "Iluminación",
    "peso": "17,7 kg",
    "altura": "0,7 m",
    "especie": "Pokémon Luciérnaga",
    "ratioCaptura": 150,
    "habilidadOculta": "Bromista",
    "imagen": "https://raw.githubusercontent.com/PokeAPI/sprites/master/sprites/pokemon/other/official-artwork/313.png",
    "atrapado": false
  },
  {
    "id": 314,
    "nombre": "Illumise",
    "tipo": "Bicho",
    "habilidades": "Despiste",
    "peso": "17,7 kg",
    "altura": "0,6 m",
    "especie": "Pokémon Luciérnaga",
    "ratioCaptura": 150,
    "habilidadOculta": "Bromista",
    "imagen": "https://raw.githubusercontent.com/PokeAPI/sprites/master/sprites/pokemon/other/official-artwork/314.png",
    "atrapado": false
  },
  {
    "id": 315,
    "nombre": "Roselia",
    "tipo": "Planta/Veneno",
    "habilidades": "Cura Natural",
    "peso": "2,0 kg",
    "altura": "0,3 m",
    "especie": "Pokémon Espina",
    "ratioCaptura": 150,
    "habilidadOculta": "Defensa Hoja",
    "imagen": "https://raw.githubusercontent.com/PokeAPI/sprites/master/sprites/pokemon/other/official-artwork/315.png",
    "atrapado": false
  },
  {
    "id": 316,
    "nombre": "Gulpin",
    "tipo": "Veneno",
    "habilidades": "Baba",
    "peso": "10,3 kg",
    "altura": "0,4 m",
    "especie": "Pokémon Estómago",
    "ratioCaptura": 225,
    "habilidadOculta": "Gula",
    "imagen": "https://raw.githubusercontent.com/PokeAPI/sprites/master/sprites/pokemon/other/official-artwork/316.png",
    "atrapado": false
  },
  {
    "id": 317,
    "nombre": "Swalot",
    "tipo": "Veneno",
    "habilidades": "Baba",
    "peso": "80,0 kg",
    "altura": "1,7 m",
    "especie": "Pokémon Saco Venenoso",
    "ratioCaptura": 75,
    "habilidadOculta": "Gula",
    "imagen": "https://raw.githubusercontent.com/PokeAPI/sprites/master/sprites/pokemon/other/official-artwork/317.png",
    "atrapado": false
  },
  {
    "id": 318,
    "nombre": "Carvanha",
    "tipo": "Agua/Siniestro",
    "habilidades": "Mandíbula Fuerte",
    "peso": "20,8 kg",
    "altura": "0,8 m",
    "especie": "Pokémon Feroz",
    "ratioCaptura": 225,
    "habilidadOculta": "Impulso",
    "imagen": "https://raw.githubusercontent.com/PokeAPI/sprites/master/sprites/pokemon/other/official-artwork/318.png",
    "atrapado": false
  },
  {
    "id": 319,
    "nombre": "Sharpedo",
    "tipo": "Agua/Siniestro",
    "habilidades": "Mandíbula Fuerte",
    "peso": "88,8 kg",
    "altura": "1,8 m",
    "especie": "Pokémon Brutal",
    "ratioCaptura": 60,
    "habilidadOculta": "Impulso",
    "imagen": "https://raw.githubusercontent.com/PokeAPI/sprites/master/sprites/pokemon/other/official-artwork/319.png",
    "atrapado": false
  },
  {
    "id": 320,
    "nombre": "Wailmer",
    "tipo": "Agua",
    "habilidades": "Absorbe Agua",
    "peso": "130,0 kg",
    "altura": "2,0 m",
    "especie": "Pokémon Bola Ballena",
    "ratioCaptura": 125,
    "habilidadOculta": "Presión",
    "imagen": "https://raw.githubusercontent.com/PokeAPI/sprites/master/sprites/pokemon/other/official-artwork/320.png",
    "atrapado": false
  },
  {
    "id": 321,
    "nombre": "Wailord",
    "tipo": "Agua",
    "habilidades": "Absorbe Agua",
    "peso": "398,0 kg",
    "altura": "14,5 m",
    "especie": "Pokémon Ballena Flotante",
    "ratioCaptura": 60,
    "habilidadOculta": "Presión",
    "imagen": "https://raw.githubusercontent.com/PokeAPI/sprites/master/sprites/pokemon/other/official-artwork/321.png",
    "atrapado": false
  },
  {
    "id": 322,
    "nombre": "Numel",
    "tipo": "Fuego/Tierra",
    "habilidades": "Despiste",
    "peso": "24,0 kg",
    "altura": "0,7 m",
    "especie": "Pokémon Entumecido",
    "ratioCaptura": 255,
    "habilidadOculta": "Ritmo Propio",
    "imagen": "https://raw.githubusercontent.com/PokeAPI/sprites/master/sprites/pokemon/other/official-artwork/322.png",
    "atrapado": false
  },
  {
    "id": 323,
    "nombre": "Camerupt",
    "tipo": "Fuego/Tierra",
    "habilidades": "Cuerpo Llama",
    "peso": "220,0 kg",
    "altura": "1,9 m",
    "especie": "Pokémon Erupción",
    "ratioCaptura": 150,
    "habilidadOculta": "Irascible",
    "imagen": "https://raw.githubusercontent.com/PokeAPI/sprites/master/sprites/pokemon/other/official-artwork/323.png",
    "atrapado": false
  },
  {
    "id": 324,
    "nombre": "Torkoal",
    "tipo": "Fuego",
    "habilidades": "Humo Blanco",
    "peso": "80,4 kg",
    "altura": "0,5 m",
    "especie": "Pokémon Carbón",
    "ratioCaptura": 90,
    "habilidadOculta": "Caparazón",
    "imagen": "https://raw.githubusercontent.com/PokeAPI/sprites/master/sprites/pokemon/other/official-artwork/324.png",
    "atrapado": false
  },
  {
    "id": 325,
    "nombre": "Spoink",
    "tipo": "Psíquico",
    "habilidades": "Sebo",
    "peso": "30,6 kg",
    "altura": "0,7 m",
    "especie": "Pokémon Rebote",
    "ratioCaptura": 255,
    "habilidadOculta": "Gula",
    "imagen": "https://raw.githubusercontent.com/PokeAPI/sprites/master/sprites/pokemon/other/official-artwork/325.png",
    "atrapado": false
  },
  {
    "id": 326,
    "nombre": "Grumpig",
    "tipo": "Psíquico",
    "habilidades": "Sebo",
    "peso": "71,5 kg",
    "altura": "0,9 m",
    "especie": "Pokémon Manipulación",
    "ratioCaptura": 60,
    "habilidadOculta": "Gula",
    "imagen": "https://raw.githubusercontent.com/PokeAPI/sprites/master/sprites/pokemon/other/official-artwork/326.png",
    "atrapado": false
  },
  {
    "id": 327,
    "nombre": "Spinda",
    "tipo": "Normal",
    "habilidades": "Ritmo Propio",
    "peso": "5,0 kg",
    "altura": "1,1 m",
    "especie": "Pokémon Panda Mancha",
    "ratioCaptura": 255,
    "habilidadOculta": "Antídoto",
    "imagen": "https://raw.githubusercontent.com/PokeAPI/sprites/master/sprites/pokemon/other/official-artwork/327.png",
    "atrapado": false
  },
  {
    "id": 328,
    "nombre": "Trapinch",
    "tipo": "Tierra",
    "habilidades": "Hiper Corte",
    "peso": "15,0 kg",
    "altura": "0,7 m",
    "especie": "Pokémon Hormiga León",
    "ratioCaptura": 255,
    "habilidadOculta": "Fuerza Bruta",
    "imagen": "https://raw.githubusercontent.com/PokeAPI/sprites/master/sprites/pokemon/other/official-artwork/328.png",
    "atrapado": false
  },
  {
    "id": 329,
    "nombre": "Vibrava",
    "tipo": "Tierra/Dragón",
    "habilidades": "Levitación",
    "peso": "15,3 kg",
    "altura": "1,1 m",
    "especie": "Pokémon Vibración",
    "ratioCaptura": 120,
    "habilidadOculta": "Levitación",
    "imagen": "https://raw.githubusercontent.com/PokeAPI/sprites/master/sprites/pokemon/other/official-artwork/329.png",
    "atrapado": false
  },
  {
    "id": 330,
    "nombre": "Flygon",
    "tipo": "Tierra/Dragón",
    "habilidades": "Levitación",
    "peso": "82,0 kg",
    "altura": "2,0 m",
    "especie": "Pokémon Espíritu Místico",
    "ratioCaptura": 45,
    "habilidadOculta": "Levitación",
    "imagen": "https://raw.githubusercontent.com/PokeAPI/sprites/master/sprites/pokemon/other/official-artwork/330.png",
    "atrapado": false
  },
  {
    "id": 331,
    "nombre": "Cacnea",
    "tipo": "Planta",
    "habilidades": "Velo Arena",
    "peso": "51,3 kg",
    "altura": "0,4 m",
    "especie": "Pokémon Cactus",
    "ratioCaptura": 190,
    "habilidadOculta": "Absorbe Agua",
    "imagen": "https://raw.githubusercontent.com/PokeAPI/sprites/master/sprites/pokemon/other/official-artwork/331.png",
    "atrapado": false
  },
  {
    "id": 332,
    "nombre": "Cacturne",
    "tipo": "Planta/Siniestro",
    "habilidades": "Velo Arena",
    "peso": "77,4 kg",
    "altura": "1,3 m",
    "especie": "Pokémon Espantajo",
    "ratioCaptura": 60,
    "habilidadOculta": "Absorbe Agua",
    "imagen": "https://raw.githubusercontent.com/PokeAPI/sprites/master/sprites/pokemon/other/official-artwork/332.png",
    "atrapado": false
  },
  {
    "id": 333,
    "nombre": "Swablu",
    "tipo": "Normal/Volador",
    "habilidades": "Cura Natural",
    "peso": "1,2 kg",
    "altura": "0,4 m",
    "especie": "Pokémon Pájaro Algodón",
    "ratioCaptura": 255,
    "habilidadOculta": "Nubosidad",
    "imagen": "https://raw.githubusercontent.com/PokeAPI/sprites/master/sprites/pokemon/other/official-artwork/333.png",
    "atrapado": false
  },
  {
    "id": 334,
    "nombre": "Altaria",
    "tipo": "Dragón/Volador",
    "habilidades": "Cura Natural",
    "peso": "20,6 kg",
    "altura": "1,1 m",
    "especie": "Pokémon Cantor",
    "ratioCaptura": 45,
    "habilidadOculta": "Nubosidad",
    "imagen": "https://raw.githubusercontent.com/PokeAPI/sprites/master/sprites/pokemon/other/official-artwork/334.png",
    "atrapado": false
  },
  {
    "id": 335,
    "nombre": "Zangoose",
    "tipo": "Normal",
    "habilidades": "Inmunidad",
    "peso": "40,3 kg",
    "altura": "1,3 m",
    "especie": "Pokémon Gato Hurón",
    "ratioCaptura": 90,
    "habilidadOculta": "Ímpetu Tóxico",
    "imagen": "https://raw.githubusercontent.com/PokeAPI/sprites/master/sprites/pokemon/other/official-artwork/335.png",
    "atrapado": false
  },
  {
    "id": 336,
    "nombre": "Seviper",
    "tipo": "Veneno",
    "habilidades": "Mudar",
    "peso": "52,5 kg",
    "altura": "2,7 m",
    "especie": "Pokémon Colmillos",
    "ratioCaptura": 90,
    "habilidadOculta": "Allanamiento",
    "imagen": "https://raw.githubusercontent.com/PokeAPI/sprites/master/sprites/pokemon/other/official-artwork/336.png",
    "atrapado": false
  },
  {
    "id": 337,
    "nombre": "Lunatone",
    "tipo": "Roca/Psíquico",
    "habilidades": "Levitación",
    "peso": "168,0 kg",
    "altura": "1,0 m",
    "especie": "Pokémon Meteorito",
    "ratioCaptura": 45,
    "habilidadOculta": "Levitación",
    "imagen": "https://raw.githubusercontent.com/PokeAPI/sprites/master/sprites/pokemon/other/official-artwork/337.png",
    "atrapado": false
  },
  {
    "id": 338,
    "nombre": "Solrock",
    "tipo": "Roca/Psíquico",
    "habilidades": "Levitación",
    "peso": "154,0 kg",
    "altura": "1,2 m",
    "especie": "Pokémon Meteorito",
    "ratioCaptura": 45,
    "habilidadOculta": "Levitación",
    "imagen": "https://raw.githubusercontent.com/PokeAPI/sprites/master/sprites/pokemon/other/official-artwork/338.png",
    "atrapado": false
  },
  {
    "id": 339,
    "nombre": "Barboach",
    "tipo": "Agua/Tierra",
    "habilidades": "Despiste",
    "peso": "1,9 kg",
    "altura": "0,4 m",
    "especie": "Pokémon Bigotes",
    "ratioCaptura": 190,
    "habilidadOculta": "Hidratación",
    "imagen": "https://raw.githubusercontent.com/PokeAPI/sprites/master/sprites/pokemon/other/official-artwork/339.png",
    "atrapado": false
  },
  {
    "id": 340,
    "nombre": "Whiscash",
    "tipo": "Agua/Tierra",
    "habilidades": "Despiste",
    "peso": "23,6 kg",
    "altura": "0,9 m",
    "especie": "Pokémon Bigotes",
    "ratioCaptura": 75,
    "habilidadOculta": "Hidratación",
    "imagen": "https://raw.githubusercontent.com/PokeAPI/sprites/master/sprites/pokemon/other/official-artwork/340.png",
    "atrapado": false
  },
  {
    "id": 341,
    "nombre": "Corphish",
    "tipo": "Agua",
    "habilidades": "Hiper Corte",
    "peso": "11,5 kg",
    "altura": "0,6 m",
    "especie": "Pokémon Cangrejo Rufián",
    "ratioCaptura": 205,
    "habilidadOculta": "Adaptable",
    "imagen": "https://raw.githubusercontent.com/PokeAPI/sprites/master/sprites/pokemon/other/official-artwork/341.png",
    "atrapado": false
  },
  {
    "id": 342,
    "nombre": "Crawdaunt",
    "tipo": "Agua/Siniestro",
    "habilidades": "Hiper Corte",
    "peso": "32,8 kg",
    "altura": "1,1 m",
    "especie": "Pokémon Cangrejo Rufián",
    "ratioCaptura": 155,
    "habilidadOculta": "Adaptable",
    "imagen": "https://raw.githubusercontent.com/PokeAPI/sprites/master/sprites/pokemon/other/official-artwork/342.png",
    "atrapado": false
  },
  {
    "id": 343,
    "nombre": "Baltoy",
    "tipo": "Tierra/Psíquico",
    "habilidades": "Levitación",
    "peso": "21,5 kg",
    "altura": "0,5 m",
    "especie": "Pokémon Muñeco de Barro",
    "ratioCaptura": 255,
    "habilidadOculta": "Levitación",
    "imagen": "https://raw.githubusercontent.com/PokeAPI/sprites/master/sprites/pokemon/other/official-artwork/343.png",
    "atrapado": false
  },
  {
    "id": 344,
    "nombre": "Claydol",
    "tipo": "Tierra/Psíquico",
    "habilidades": "Levitación",
    "peso": "108,0 kg",
    "altura": "1,5 m",
    "especie": "Pokémon Muñeco de Barro",
    "ratioCaptura": 90,
    "habilidadOculta": "Levitación",
    "imagen": "https://raw.githubusercontent.com/PokeAPI/sprites/master/sprites/pokemon/other/official-artwork/344.png",
    "atrapado": false
  },
  {
    "id": 345,
    "nombre": "Lileep",
    "tipo": "Roca/Planta",
    "habilidades": "Ventosas",
    "peso": "23,8 kg",
    "altura": "1,0 m",
    "especie": "Pokémon Lirio de Mar",
    "ratioCaptura": 45,
    "habilidadOculta": "Poder Torrencial",
    "imagen": "https://raw.githubusercontent.com/PokeAPI/sprites/master/sprites/pokemon/other/official-artwork/345.png",
    "atrapado": false
  },
  {
    "id": 346,
    "nombre": "Cradily",
    "tipo": "Roca/Planta",
    "habilidades": "Ventosas",
    "peso": "60,4 kg",
    "altura": "1,5 m",
    "especie": "Pokémon Percebes",
    "ratioCaptura": 45,
    "habilidadOculta": "Poder Torrencial",
    "imagen": "https://raw.githubusercontent.com/PokeAPI/sprites/master/sprites/pokemon/other/official-artwork/346.png",
    "atrapado": false
  },
  {
    "id": 347,
    "nombre": "Anorith",
    "tipo": "Roca/Bicho",
    "habilidades": "Armadura Batalla",
    "peso": "12,5 kg",
    "altura": "0,7 m",
    "especie": "Pokémon Ancestral",
    "ratioCaptura": 45,
    "habilidadOculta": "Nado Rápido",
    "imagen": "https://raw.githubusercontent.com/PokeAPI/sprites/master/sprites/pokemon/other/official-artwork/347.png",
    "atrapado": false
  },
  {
    "id": 348,
    "nombre": "Armaldo",
    "tipo": "Roca/Bicho",
    "habilidades": "Armadura Batalla",
    "peso": "68,2 kg",
    "altura": "1,5 m",
    "especie": "Pokémon Coraza",
    "ratioCaptura": 45,
    "habilidadOculta": "Nado Rápido",
    "imagen": "https://raw.githubusercontent.com/PokeAPI/sprites/master/sprites/pokemon/other/official-artwork/348.png",
    "atrapado": false
  }
]